Workbook

Sheet Summary
A1: Sprint 4 regression test
A2: Process: docs/REGRESSION_TESTING.md. Yellow cells are for you to fill in; everything else is pre-filled or calculated.
A4: Sprint | B4: 4
A5: Date tested
A6: Tested by
A7: Commit tested (main) | C7: git rev-parse --short HEAD
A8: Baseline | B8: a635cd6 (tag sprint-3, the end of Sprint 3, 18 Oct 2026)
A10: Automated checks | B10: Result | C10: Run by | D10: Notes
A11: CI is green on main for the commit tested | D11: GitHub Actions tab: lint, type-check, unit tests, test cases, build, migrations, end-to-end.
A12: npm run verify:permissions | D12: With npm run dev running in a second terminal.
A13: npm run verify:login | D13: With npm run dev running in a second terminal.
A16: Results | B16: Cases | C16: Pass | D16: Fail | E16: Changed by design | F16: Blocked | G16: Not run yet
A17: Kayalvizhi - Accounts, event requests, event information and equipment release | B17: =COUNT(Kayalvizhi!$A$5:$A$60) | C17: =COUNTIF(Kayalvizhi!$J$5:$J$60,"Pass") | D17: =COUNTIF(Kayalvizhi!$J$5:$J$60,"Fail") | E17: =COUNTIF(Kayalvizhi!$J$5:$J$60,"Changed by design") | F17: =COUNTIF(Kayalvizhi!$J$5:$J$60,"Blocked") | G17: =B17-SUM(C17:F17)
A18: Jordan - Review, planning, readiness, event outcomes and the waiting list | B18: =COUNT(Jordan!$A$5:$A$54) | C18: =COUNTIF(Jordan!$J$5:$J$54,"Pass") | D18: =COUNTIF(Jordan!$J$5:$J$54,"Fail") | E18: =COUNTIF(Jordan!$J$5:$J$54,"Changed by design") | F18: =COUNTIF(Jordan!$J$5:$J$54,"Blocked") | G18: =B18-SUM(C18:F18)
A19: Janelle - Venue catalogue, availability, notifications, registration and alternative equipment | B19: =COUNT(Janelle!$A$5:$A$56) | C19: =COUNTIF(Janelle!$J$5:$J$56,"Pass") | D19: =COUNTIF(Janelle!$J$5:$J$56,"Fail") | E19: =COUNTIF(Janelle!$J$5:$J$56,"Changed by design") | F19: =COUNTIF(Janelle!$J$5:$J$56,"Blocked") | G19: =B19-SUM(C19:F19)
A20: Sammi - Venue booking requests, registration setup and attendee lists | B20: =COUNT(Sammi!$A$5:$A$56) | C20: =COUNTIF(Sammi!$J$5:$J$56,"Pass") | D20: =COUNTIF(Sammi!$J$5:$J$56,"Fail") | E20: =COUNTIF(Sammi!$J$5:$J$56,"Changed by design") | F20: =COUNTIF(Sammi!$J$5:$J$56,"Blocked") | G20: =B20-SUM(C20:F20)
A21: Kristen - Equipment, the safety check and change requests | B21: =COUNT(Kristen!$A$5:$A$56) | C21: =COUNTIF(Kristen!$J$5:$J$56,"Pass") | D21: =COUNTIF(Kristen!$J$5:$J$56,"Fail") | E21: =COUNTIF(Kristen!$J$5:$J$56,"Changed by design") | F21: =COUNTIF(Kristen!$J$5:$J$56,"Blocked") | G21: =B21-SUM(C21:F21)
A22: Smoke run | B22: =COUNTA('Smoke run'!$A$5:$A$41) | C22: =COUNTIF('Smoke run'!$G$5:$G$41,"Pass") | D22: =COUNTIF('Smoke run'!$G$5:$G$41,"Fail") | G22: =B22-SUM(C22:D22)
A23: Total | B23: =SUM(B17:B22) | C23: =SUM(C17:C22) | D23: =SUM(D17:D22) | E23: =SUM(E17:E22) | F23: =SUM(F17:F22) | G23: =SUM(G17:G22)
A25: Result | B25: Meaning | E25: What to do
A26: Pass | B26: The app matches the expected result. | E26: Nothing.
A27: Fail | B27: The app is wrong. | E27: Raise a Jira bug linked to the story and put its key in Notes.
A28: Changed by design | B28: The app differs because a later story changed it on purpose. | E28: Name that story in Notes, and add the case to 'Out-of-date cases' if it is not there already.
A29: Blocked | B29: The case could not be run, e.g. its test data is missing. | E29: Say why in Notes.
A31: Rules
A32: Never run npx prisma db seed. Use the fixture script named in the blue row before each story.
A33: Do not type results into the story workbooks in docs/test-cases/. Everything for this run is in this file.
A34: If a fix merges after a Fail, rerun the case and add a new row for it under the original. Keep the Fail row.

Sheet Smoke run
A1: Sprint 4 regression: smoke run
A2: A relay on a call, before splitting up: each person stays logged in as their role(s) on their own laptop and does their steps when the event reaches them, in order. Take one new event, titled 'REG S4 Smoke', from request to cancellation, plus a second event for the withdrawal in step 36 - do not use any story's fixture events. Password for every account: password123. Use an event date about 4 weeks ahead, with times on the quarter hour (e.g. 10:00-12:00). Change 'Who' if you swap roles. Marking an event completed needs an event that has ended, so it is covered by SPM-36 on Jordan's sheet, not here.
A4: Step | B4: Who | C4: Role (log in as) | D4: What to do | E4: Check | F4: Stories | G4: Result | H4: Notes
A5: 1 | B5: Kristen | C5: Event Organiser rachel.ng@meridianfina.com | D5: Create an event request titled 'REG S4 Smoke', expected attendance 120. Save it as a draft, reopen it from My Events and submit it. | E5: Status is Submitted. My Events lists only Rachel's own events. | F5: SPM-23, 24, 25, 31
A6: 2 | B6: Kristen | C6: Event Coordinator Lead grace.lim@connectsphere.com | D6: Notifications: open 'New event request submitted'. Assignments: assign Daniel Tan to the event. | E6: The notification names the event. The top bar shows the role as Event Coordinator Lead. Status is Under review. Rachel sees Daniel Tan as the coordinator and has a notification naming him. | F6: SPM-30, 53, 84
A7: 3 | B7: Janelle | C7: Safety Officer hana.yusof@connectsphere.com | D7: All Events: look for the event. | E7: The event is not listed: this role sees events only from Approved onwards. | F7: SPM-94
A8: 4 | B8: Jordan | C8: Event Coordinator daniel.tan@connectsphere.com | D8: Notifications: confirm the assignment. Review Queue: open the event, click 'Review request', choose 'Ask the organiser for clarification', tick 'Purpose', write a message and click 'Send request'. | E8: A green 'Clarification requested' message shows. Status stays Under review, with an 'Open clarification' box. | F8: SPM-29, 53
A9: 5 | B9: Kristen | C9: Event Organiser | D9: Notifications: open 'Clarification requested'. On the event, click 'Update request', change the description and click 'Resubmit request'. | E9: The notification carries the coordinator's message. The event page reads 'Your updated request has been sent to Daniel Tan. It stays Under review.' | F9: SPM-26, 53
A10: 6 | B10: Jordan | C10: Event Coordinator | D10: Review the request again, approve it, then begin planning. | E10: Status is Planning. Rachel has a notification of the review outcome. | F10: SPM-28, 53, 54
A11: 7 | B11: Jordan | C11: Event Coordinator | D11: Update the event information with an ordinary edit (e.g. the description only). | E11: The change is saved. No arrangement is flagged and the status stays Planning. | F11: SPM-62
A12: 8 | B12: Jordan | C12: Event Coordinator | D12: Venue tab: request two venues for the same times: a main room (purpose "Main programme", 120 people) and a breakout room (purpose "Breakout", 40 people), each with its own layout. | E12: Both bookings show on the event as Pending, each with its own venue, purpose, times and hold expiry. Each venue was checked against its own attendance and layout. | F12: SPM-40, 41, 42, 44, 81, 82, 90, 93
A13: 9 | B13: Jordan | C13: Event Coordinator | D13: Equipment tab: record three requirements for three different items, each quantity 1. | E13: All three are saved and show as Requested. | F13: SPM-47
A14: 10 | B14: Kayalvizhi | C14: Technical Support Staff kenji.sato@connectsphere.com | D14: Equipment Requests: open the event's request and check availability. Reserve the first two lines. Mark the third 'Cannot be provided' with a note, click 'Suggest alternative', choose another item with stock, write a note and click 'Record suggestion'. Then mark one unrelated equipment item under maintenance and return it to available. | E14: Two lines show Reserved. The third shows Cannot be provided with the suggestion. 'Suggestion sent to the Coordinator.' appears. The item's status changes and changes back. | F14: SPM-48, 49, 50, 55, 77
A15: 11 | B15: Jordan | C15: Event Coordinator | D15: Equipment tab: on the third line click 'Accept', then 'Accept' in the dialog. | E15: 'Alternative accepted. Technical Support will reserve it.' appears. The line becomes the alternative item, status Requested. | F15: SPM-77
A16: 12 | B16: Kayalvizhi | C16: Technical Support Staff | D16: Open the event's request again and reserve the alternative. | E16: All three lines show Reserved. | F16: SPM-49, 77
... A41: 37 | B41: Everyone | C41: Every role | D41: Log in as each role in turn. | E41: Each role sees only its own sidebar links (organiser "My Events"; coordinator, Lead and Safety Officer "All Events"; only the coordinator has "Change Requests"), and the organiser sees only their own events. | F41: SPM-21, 22, 84

Sheet Kayalvizhi
A1: Kayalvizhi's cases: Accounts, event requests, event information and equipment release
A2: Run top to bottom. A blue row starts each story: run its fixture script first (never npx prisma db seed). READ FIRST at the top of Preconditions says what has changed since the case was written. IDs ending in -R were rewritten in the Sprint 3 run and are reused here. Fill in the yellow Result, Date tested and Notes cells.
A4: # | B4: Test case ID | C4: Title | D4: Linked AC | E4: Type | F4: Preconditions | G4: Test data | H4: Steps | I4: Expected results | J4: Result | K4: Date tested | L4: Notes / bug key
A5: SPM-21 User Login - no fixture script: uses the base seed data
A6: 1 | B6: SPM-21-TC01 | C6: Valid credentials sign the user in and open the dashboard | D6: AC1 | E6: Positive | F6: Demo data is seeded. No one is signed in. On the "Log in" page. | G6: Email: daniel.tan@connectsphere.com; Password: password123 | H6: 1. Enter "daniel.tan@connectsphere.com" into Email 2. Enter "password123" into Password 3. Click "Log in" | I6: The button shows "Logging in…" while the request is in flight. The browser moves to the Dashboard, headed "Welcome, Daniel Tan" with "Event Coordinator" beneath it, and the top bar shows the same role under the name. No error message is shown.
A7: 2 | B7: SPM-21-TC12 | C7: The signed-in user's role is named on the dashboard | D7: AC3 | E7: Positive | F7: Demo data is seeded. No one is signed in. | G7: Accounts: daniel.tan@connectsphere.com (Coordinator), marcus.wong@connectsphere.com (Venue Staff); Password: password123 | H7: 1. Log in as daniel.tan@connectsphere.com with password123 2. Read the subtitle under the welcome heading 3. Log out, then log in as marcus.wong@connectsphere.com with password123 4. Read the subtitle under the welcome heading again | I7: Daniel Tan's dashboard is headed "Welcome, Daniel Tan", subtitled "Event Coordinator" and the section heading reads "Awaiting your review". Marcus Wong's dashboard is headed "Welcome, Marcus Wong", subtitled "Venue Staff" and the section heading reads "Upcoming events".
A8: SPM-22 Role-Based Access – UI Verification - no fixture script: uses the base seed data
A9: 3 | B9: SPM-22-TC01 | C9: An Attendee's sidebar offers only the Attendee screens | D9: AC1 | E9: Positive | F9: Demo data is seeded. Logged in as Daniel Lim (daniel.lim@example.com / password123), an Attendee. | G9: Account: daniel.lim@example.com (Attendee) | H9: 1. Read every item in the left sidebar from top to bottom | I9: The sidebar reads exactly: Dashboard, Browse Events, My Registrations, Notifications. Review Queue, Venues, Equipment, Booking Requests and Assignments do not appear anywhere in the sidebar.
A10: 4 | B10: SPM-22-TC04 | C10: An Attendee opening an event sees only the Overview tab | D10: AC2 | E10: Positive | F10: Logged in as Daniel Lim (daniel.lim@example.com / password123), an Attendee. At least one confirmed event that is open for registration exists. | G10: Account: daniel.lim@example.com (Attendee) | H10: 1. Open the events list from the sidebar 2. Open the first event in the list 3. Read the row of tabs beneath the event title | I10: Only an Overview tab is shown. No Equipment, Venue, Discussion, Attendees, Readiness or History tab appears — not even greyed out.
A11: 5 | B11: SPM-22-TC17 | C11: Internal planning fields are absent from an Attendee's view of an event | D11: AC5 | E11: Positive | F11: Logged in as Daniel Lim (daniel.lim@example.com / password123), an Attendee. A confirmed event that is open for registration exists and has a coordinator assigned, an expected attendance and special requirements recorded. | G11: Account: daniel.lim@example.com (Attendee) | H11: 1. Open the events list from the sidebar 2. Open the first event in the list 3. Read every label and value shown on the page from top to bottom | I11: The page shows the event's title, description, category, dates and status, and what is needed to register. There is no Coordinator row, no Organiser row, no Expected attendance row, no Special requirements row, no Rejection reason row and no venue or equipment arrangements. Those labels are absent entirely — the page does not show them with an empty value or a dash.
A12: 6 | B12: SPM-22-TC19 | C12: The Operations Manager's navigation matches their permissions | D12: AC6 | E12: Positive | F12: READ FIRST: v2 (2026-10-20): The Event Operations Manager is now shown as the 'Event Coordinator Lead' (SPM-84 AC1, forum #129, Week 7 Change #5) - the same role, accounts, permissions and pages. Read 'Operations Manager', 'Event Operations Manager' or 'Ops Manager' in this case as 'Event Coordinator Lead'; on screen the role is shown under its new name, and refusals say 'Assigning coordinators is the Event Coordinator Lead's role.' Logged in as Grace Lim (grace.lim@connectsphere.com / password123), an Operations Manager. | G12: Account: grace.lim@connectsphere.com (Operations Manager) | H12: 1. Read every item in the left sidebar from top to bottom 2. Read the role shown beneath the name in the top bar | I12: The sidebar reads exactly: Dashboard, Assignments, All Events, Notifications. The top bar shows Grace Lim with 'Operations Manager' beneath the name. Review Queue, Venues, Equipment and Booking Requests do not appear, because assigning coordinators and overseeing events is what this role does.
A13: SPM-84 Event Coordinator Lead: Rename Role and View Assignments - run npm run fixtures:spm84 before its first case
A14: 7 | B14: SPM-84-TC01 | C14: The Event Operations Manager is shown as the Event Coordinator Lead, with the same account, sidebar and Assignments screen as before | D14: AC1 | E14: Positive | F14: npm run fixtures:spm84 has been run. Grace Lim's account (grace.lim@connectsphere.com) is the role previously called Event Operations Manager. Logged out. | G14: Account: grace.lim@connectsphere.com / password123 (unchanged) | H14: 1. Log in as grace.lim@connectsphere.com / password123 2. Click 'Assignments' in the sidebar 3. Click 'All Events' in the sidebar | I14: Step 1: Login succeeds with the existing password. The top bar shows 'Grace Lim' and the role 'Event Coordinator Lead' - not 'Operations Manager'. The sidebar shows Dashboard, Assignments, All Events, Venues and Notifications, as before. Step 2: The 'Assignments' page opens with three tabs: 'Awaiting assignment', 'Active events' and 'Coordinators'. 'Operations Manager' does not appear anywhere on the page. Step 3: The All Events list opens as before, with no 'Operations Manager' wording.
A15: 8 | B15: SPM-84-TC02 | C15: The Coordinators tab lists every Event Coordinator with their number of active events, including one with none and a deactivated one who still holds an event | D15: AC4, AC10, AC6 | E15: Positive | F15: npm run fixtures:spm84 has been run. It creates four coordinator accounts of SPM-84's own: - Aisha Karim: SPM84 Harbour Gala (Planning), SPM84 Orchard Forum (Under review), SPM84 Postponed Retreat (Postponed) - active; SPM84 Closed Showcase (Completed), SPM84 Called Off Expo (Cancelled), SPM84 Rejected Request (Rejected), SPM84 Withdrawn Request (Withdrawn) - not active - Benjamin Lau: SPM84 Riverside Launch (Confirmed) - Clara Tay: SPM84 Past Seminar (Completed) only - Dennis Ho: account deactivated, still assigned SPM84 Inherited Workshop (Planning) Logged in as the Event Coordinator Lead, Grace Lim (grace.lim@connectsphere.com / password123). | G15: Coordinators: Aisha Karim (3 active), Benjamin Lau (1), Clara Tay (0), Dennis Ho (1, account inactive) | H15: 1. Click 'Assignments' in the sidebar 2. Click the 'Coordinators' tab | I15: Step 2: A table lists every Event Coordinator by name, A to Z, with an 'Active events' column. Aisha Karim shows 3 (her Completed, Cancelled, Rejected and Withdrawn events are not counted). Benjamin Lau shows 1. Clara Tay is listed with 0. Dennis Ho shows 1 and is labelled 'Account inactive'. The base coordinators (e.g. Daniel Tan, Priya Raj) are listed too.
A16: 9 | B16: SPM-84-TC03 | C16: The Active events tab, filtered to one coordinator, shows only their active events with coordinator, status, client and date, and each opens its event | D16: AC5, AC6, AC7, AC8 | E16: Positive | F16: npm run fixtures:spm84 has been run (Aisha Karim has three active and four inactive SPM84 events, all for the client Meridian Financial Group). Logged in as the Event Coordinator Lead, Grace Lim (grace.lim@connectsphere.com / password123). | G16: Coordinator filter: Aisha Karim | H16: 1. Click 'Assignments' in the sidebar 2. Click the 'Active events' tab 3. In 'Coordinator', choose 'Aisha Karim' 4. Click 'SPM84 Harbour Gala' | I16: Step 2: A table of active events opens with the columns Event, Client, When, Status, Coordinator and 'Reassign to', and the filters 'Coordinator' (set to 'Any coordinator') and 'Status' (set to 'Any status'). Step 3: Exactly three rows remain: 'SPM84 Harbour Gala' (Planning, 9 Nov 2027), 'SPM84 Orchard Forum' (Under review, 11 Nov 2027) and 'SPM84 Postponed Retreat' (Postponed, 16 Nov 2027), each with Client 'Meridian Financial Group' and Coordinator 'Aisha Karim'. SPM84 Closed Showcase, SPM84 Called Off Expo, SPM84 Rejected Request and SPM84 Withdrawn Request are not listed. Step 4: The event's Overview opens with the title 'SPM84 Harbour Gala', the status 'Planning', Coordinator 'Aisha Karim' and Company 'Meridian Financial Group', and a 'Change coordinator' card.
A17: 10 | B17: SPM-84-TC09 | C17: Reassigning from the Active events list moves the event to the new coordinator and updates both coordinators' counts | D17: AC9, AC11, AC2 | E17: Positive | F17: Run npm run fixtures:spm84 before and after this case ('SPM84 Harbour Gala' is assigned to Aisha Karim, who has 3 active events; Benjamin Lau has 1). Logged in as the Event Coordinator Lead, Grace Lim (grace.lim@connectsphere.com / password123). | G17: Event: SPM84 Harbour Gala | From: Aisha Karim | To: Benjamin Lau | H17: 1. Click 'Assignments' in the sidebar 2. Click the 'Active events' tab 3. In 'Coordinator', choose 'Aisha Karim' 4. On the 'SPM84 Harbour Gala' row, choose 'Benjamin Lau' in 'Reassign to' 5. Click 'Reassign' 6. Click 'Reassign' in the dialog 7. Click the 'Coordinators' tab | I17: Step 5: A dialog 'Reassign this event?' appears, saying Aisha Karim will no longer be able to manage it and that both coordinators are notified. Step 6: The message '"SPM84 Harbour Gala" has been reassigned from Aisha Karim to Benjamin Lau.' appears, and 'SPM84 Harbour Gala' leaves the list filtered to Aisha Karim. Step 7: Aisha Karim's 'Active events' count is now 2 and Benjamin Lau's is 2.
A18: SPM-23 Create Event Request - no fixture script: uses the base seed data
A19: 11 | B19: SPM-23-TC01 | C19: Organiser can enter an event name and purpose | D19: AC1 | E19: Positive | F19: Logged in as rachel.ng@meridianfina.com / password123 (a seeded Event Organiser). Use your own initials in place of "KC" in every event name below so your drafts never clash with another tester's. On the "New event request" page. | G19: Event name: Nusantara Product Launch 2026 - KC; Purpose: Regional product launch and press event | H19: 1. Enter "Nusantara Product Launch 2026 - KC" into Event name 2. Enter "Regional product launch and press event" into Purpose 3. Click "Save draft" | I19: The browser returns to "My events". The new draft appears with the title "Nusantara Product Launch 2026 - KC". Reopening it shows Purpose still filled in as "Regional product launch and press event".
A20: 12 | B20: SPM-23-TC03 | C20: Organiser can enter and save an event description | D20: AC2 | E20: Positive | F20: Logged in as rachel.ng@meridianfina.com / password123 (a seeded Event Organiser). Use your own initials in place of "KC" in every event name below so your drafts never clash with another tester's, on the "New event request" page. | G20: Description: Press event with livestream and product demonstration area. | H20: 1. Enter "Nusantara Product Launch 2026 - KC" into Event name 2. Enter "Press event with livestream and product demonstration area." into Description 3. Click "Save draft" 4. From "My events", open the draft again | I20: The draft is saved. Reopening it shows the Description field still reading "Press event with livestream and product demonstration area."
A21: 13 | B21: SPM-23-TC04 | C21: Organiser can specify the proposed date and time | D21: AC3 | E21: Positive | F21: Logged in as rachel.ng@meridianfina.com / password123 (a seeded Event Organiser). Use your own initials in place of "KC" in every event name below so your drafts never clash with another tester's, on the "New event request" page, with Event name "Nusantara Product Launch 2026 - KC", Type of event "Exhibition", and Expected attendance 200 already filled in. | G21: Event name: Nusantara Product Launch 2026 - KC; Starts at: 5 Dec 2026, 9:00 AM; Ends at: 5 Dec 2026, 5:00 PM | H21: 1. Set Starts at to 5 Dec 2026, 9:00 AM 2. Set Ends at to 5 Dec 2026, 5:00 PM 3. Click "Submit request" 4. Open the "My events" page | I21: No message appears and the request is submitted. "My events" lists it under "Submitted" (not under Drafts) with status "Submitted" and When "5 Dec 2026, 09:00–17:00"
A22: 14 | B22: SPM-23-TC07 | C22: Organiser can specify expected attendance | D22: AC4 | E22: Positive | F22: Logged in as rachel.ng@meridianfina.com / password123 (a seeded Event Organiser). Use your own initials in place of "KC" in every event name below so your drafts never clash with another tester's, on the "New event request" page, with Event name, Type of event, Starts at and Ends at already filled in with valid values. | G22: Expected attendance: 250 | H22: 1. Enter 250 into Expected attendance 2. Click "Submit request" 3. Open the "My events" page | I22: No message appears and the request is submitted. "My events" lists it under "Submitted" with status "Submitted" and Attendance 250.
A23: 15 | B23: SPM-23-TC10 | C23: Organiser can specify venue and accessibility requirements | D23: AC5 | E23: Positive | F23: Logged in as rachel.ng@meridianfina.com / password123 (a seeded Event Organiser). Use your own initials in place of "KC" in every event name below so your drafts never clash with another tester's, on the "New event request" page, with Event name "Nusantara Product Launch 2026 - KC" filled in. | G23: Event name: Nusantara Product Launch 2026 - KC; Venue requirement: High-density WiFi; Accessibility need: Wheelchair spaces | H23: 1. Tick "High-density WiFi" under "The venue must have" 2. Tick "Wheelchair spaces" under "Accessibility needs" 3. Click "Save draft" 4. From "My events", open the draft you just saved (find it by its name) | I23: The browser returns to "My events" and the draft is listed. Reopening it shows both "High-density WiFi" (under "The venue must have") and "Wheelchair spaces" (under "Accessibility needs") still ticked.
A24: 16 | B24: SPM-23-TC18 | C24: A fully completed request can be submitted | D24: AC7 | E24: Positive | F24: Logged in as rachel.ng@meridianfina.com / password123 (a seeded Event Organiser). Use your own initials in place of "KC" in every event name below so your drafts never clash with another tester's, on the "New event request" page. | G24: Event name: Nusantara Product Launch 2026 - KC; Type: Exhibition; Starts at: 5 Dec 2026, 9:00 AM; Ends at: 5 Dec 2026, 5:00 PM; Expected attendance: 200 | H24: 1. Enter "Nusantara Product Launch 2026 - KC" into Event name 2. Select "Exhibition" as Type of event 3. Set Starts at to 5 Dec 2026, 9:00 AM and Ends at to 5 Dec 2026, 5:00 PM 4. Enter 200 into Expected attendance 5. Click "Submit request" 6. Open the "My events" page | I24: No message appears and the request is submitted. "My events" lists it under "Submitted" (not under Drafts) with status "Submitted", When "5 Dec 2026, 09:00–17:00" and Attendance 200.
A25: 17 | B25: SPM-23-TC27 | C25: A multi-session draft is identifiable as a draft and shows the span and largest attendance | D25: AC6, AC8 | E25: Positive | F25: Logged in as rachel.ng@meridianfina.com / password123 (a seeded Event Organiser). Use your own initials in place of "KC" in every event name below so your drafts never clash with another tester's, on the "New event request" page, with Event name "Nusantara Summit 2026 - KC" and Type of event "Conference" already filled in, "This event has multiple sessions" ticked, Session 1 = 5 Dec 2026 9:00 AM - 5:00 PM (300 attendees) and Session 2 = 6 Dec 2026 9:00 AM - 5:00 PM (80 attendees). | G25: Event name: Nusantara Summit 2026 - KC; Session 1: 300 attendees; Session 2: 80 attendees | H25: 1. Click "Save draft" 2. Look at the new draft's row in "My events" | I25: The event appears under "Drafts - not yet submitted" with a "Draft" status badge, visually distinct from submitted requests. Its When column shows "5 Dec 2026, 09:00 – 6 Dec 2026, 17:00" (first session start to last session end) and Attendance shows 300 (the largest single session, not 380).
A26: SPM-24 Save Draft Event Request - no fixture script: uses the base seed data
A27: 18 | B27: SPM-24-TC06 | C27: Organiser can leave and return to a saved draft | D27: AC3 | E27: Positive | F27: Seeded draft "Q1 Investor Update (rough idea)" owned by rachel.ng@meridianfina.com. Its saved description reads "Still checking dates with the exec team." | G27: Login: rachel.ng@meridianfina.com / password123 | H27: 1. Log in as rachel.ng@meridianfina.com / password123 2. Log out 3. Log back in as rachel.ng@meridianfina.com / password123 4. Open the "My events" page 5. Click the "Q1 Investor Update (rough idea)" row | I27: The "Edit draft" page opens with every previously saved value already filled in, including the Description field reading "Still checking dates with the exec team." The Draft badge is still shown.
A28: 19 | B28: SPM-24-TC09 | C28: Editing a draft's fields saves the changes | D28: AC4 | E28: Positive | F28: Draft "Annual Partner Appreciation Dinner" from TC01, owned by rachel.ng@meridianfina.com, has no other fields set yet. | G28: Event name: Annual Partner Appreciation Dinner - Updated; Type of event: Conference; Starts at: 10 Nov 2026, 9:00 AM; Ends at: 10 Nov 2026, 5:00 PM | H28: 1. Log in as rachel.ng@meridianfina.com / password123 2. Open the draft's "Edit draft" page 3. Change Event name to "Annual Partner Appreciation Dinner - Updated" 4. Set Type of event to "Conference" 5. Set Starts at to 10 Nov 2026, 9:00 AM and Ends at to 10 Nov 2026, 5:00 PM 6. Click "Save draft" | I28: The browser returns to "My events". Status remains "Draft". Reopening the draft shows all the updated values.
A29: 20 | B29: SPM-24-TC14 | C29: A complete draft can be submitted and leaves draft status | D29: AC1, AC5 | E29: Positive | F29: The draft from TC09 has Event name, Type, Starts at and Ends at set. Expected attendance is still missing. | G29: Expected attendance: 120 (everything else already saved from TC09) | H29: 1. Open the draft's "Edit draft" page 2. Enter 120 into Expected attendance 3. Click "Submit request" | I29: The browser moves to the event's own page. Its status badge now reads "Submitted" instead of "Draft", and it no longer appears under "Drafts — not yet submitted" on "My events".
A30: SPM-25 Submit Event Request - no fixture script: uses the base seed data
A31: 21 | B31: SPM-25-TC01 | C31: Submitting a complete event request succeeds and moves it to Submitted | D31: AC1, AC2 | E31: Positive | F31: Logged in as an Event Organiser (e.g. rachel.ng@meridianfina.com). No existing event named 'Quarterly Town Hall' for this organiser. | G31: Event name: Quarterly Town Hall Type: Meeting Starts at: today + 7 days, 10:00 Ends at: today + 7 days, 11:00 Expected attendance: 50 | H31: 1. From the sidebar, click 'My Events' 2. Click 'New event request' 3. Enter the event name 'Quarterly Town Hall' 4. Select 'Meeting' as the type of event 5. Enter a Starts at date/time 7 days from today, 10:00 6. Enter an Ends at date/time 7 days from today, 11:00 7. Enter '50' as the Expected attendance 8. Click 'Submit request' 9. From the sidebar, click 'My Events' again | I31: No validation errors appear; the form submits without returning to the New event request page. On 'My Events', the event does NOT appear under 'Drafts — not yet submitted'. The event appears under 'Submitted' with a 'Submitted' status badge, the correct date/time range, and attendance '50'.
A32: 22 | B32: SPM-25-TC05 | C32: A submitted request no longer opens as an editable draft | D32: AC3 | E32: Positive | F32: The event from SPM-25-TC01 ('Quarterly Town Hall') has status 'Submitted'. Logged in as the organiser who owns it. | G32: Event: Quarterly Town Hall (status: Submitted) | H32: 1. From 'My Events', confirm 'Quarterly Town Hall' is listed only under 'Submitted', not under 'Drafts — not yet submitted' 2. Use the browser's Back button to return to the 'Edit draft' page for this event that was open earlier in TC01's session (or navigate back to it via browser history) 3. Observe the page that loads | I32: 'Quarterly Town Hall' is absent from the 'Drafts — not yet submitted' section. The 'Edit draft' page shows an alert titled 'Could not open this draft' with the message 'This request has already been submitted, so it can no longer be edited here.' No form fields are shown, and a 'Back to My Events' button is offered instead.
A33: 23 | B33: SPM-25-TC06 | C33: Event Coordinator can see a submitted request in All Events | D33: AC4 | E33: Positive | F33: The event from SPM-25-TC01 ('Quarterly Town Hall') has status 'Submitted'. Log out of the organiser account. | G33: Coordinator: daniel.tan@connectsphere.com Filter: Submitted | H33: 1. Log in as the Event Coordinator (e.g. daniel.tan@connectsphere.com) 2. From the sidebar, click 'All Events' 3. Use the 'Filter by status' dropdown to select 'Submitted' 4. Locate the 'Quarterly Town Hall' row | I33: 'Quarterly Town Hall' appears in the table with its date/time range, attendance '50', and a 'Submitted' status badge — confirming the coordinator can see the submitted request. Every other row in the table also shows a 'Submitted' status badge — the filter actually narrows the table to that status, rather than continuing to show every event regardless of the selected filter.
A34: SPM-26 Respond to Clarification Request - run npm run fixtures:spm26 before its first case
A35: 24 | B35: SPM-26-TC01 | C35: The organiser who raised the request sees the open clarification on the event and on the Update request page, with the request's current details filled in | D35: AC1, AC2 | E35: Positive | F35: Test data loaded: `npm run fixtures:spm26` has been run from the project folder (it only touches the 'SPM26 …' events, never anyone else's data). 'SPM26 Meridian Advisory Briefing' is Under review, raised by Rachel Ng and assigned to Daniel Tan, with a clarification Daniel Tan opened on 20 Oct 2026, 10:00 about Description and Expected attendance. Logged in as Event Organiser Rachel Ng (rachel.ng@meridianfina.com / password123). | G35: Event: SPM26 Meridian Advisory Briefing Clarification: Description, Expected attendance - 'How many advisers will attend, and is there a networking session after the briefing?' | H35: 1. Click 'My Events' in the sidebar and open 'SPM26 Meridian Advisory Briefing' 2. Click 'Update request' in the 'Clarification requested' banner 3. Click 'Cancel' | I35: Step 1: The event page shows the 'Under review' badge and an amber 'Clarification requested' banner listing 'Needs clarification: Description, Expected attendance', the message 'How many advisers will attend, and is there a networking session after the briefing?', 'Asked by Daniel Tan on 20 Oct 2026, 10:00' and an 'Update request' button. Step 2: The 'Update request' page opens with the 'Under review' badge. At the top a 'Clarification requested' box shows the same items, message and 'Asked by Daniel Tan on 20 Oct 2026, 10:00'. The form is filled in with the request as it stands: Event name 'SPM26 Meridian Advisory Briefing', Type of event 'Conference', Description 'Half-day session followed by networking.', Expected attendance '80', Preferred room layout 'Theatre'. At the bottom are 'Resubmit request' and 'Cancel'; there is no 'Save draft' or 'Submit request' button. Step 3: The event page opens again, still 'Under review', with the same 'Clarification requested' banner and Expected attendance '80'.
A36: 25 | B36: SPM-26-TC02 | C36: The organiser changes fields the coordinator asked about and one they did not, resubmits, and the event stays Under review with the clarification answered | D36: AC2, AC3, AC4 | E36: Positive | F36: THIS RUN: SPM-26-TC03 is not selected. Skip it, and run the fixture script once the selected cases that follow on from this one are done. Run `npm run fixtures:spm26` before this case: it resubmits 'SPM26 Meridian Advisory Briefing'. Go straight on to SPM-26-TC03 and reset after that one. 'SPM26 Meridian Advisory Briefing' is Under review, raised by Rachel Ng and assigned to Daniel Tan, with a clarification open about Description and Expected attendance. Logged in as Event Organiser Rachel Ng (rachel.ng@meridianfina.com / password123). | G36: Event: SPM26 Meridian Advisory Briefing Description: Half-day briefing for 120 advisers, followed by a networking lunch. Expected attendance: 120 (was 80) Preferred room layout: Classroom (was Theatre - not one of the items the coordinator asked about) | H36: 1. Click 'My Events' in the sidebar and open 'SPM26 Meridian Advisory Briefing' 2. Click 'Update request' in the 'Clarification requested' banner 3. Replace 'Description' with the new description 4. Replace 'Expected attendance' with 120 5. Change 'Preferred room layout' to 'Classroom' 6. Click 'Resubmit request' 7. Click 'My Events' in the sidebar | I36: Step 6: The event page opens with a green message 'Your updated request has been sent to Daniel Tan. It stays Under review.' The status badge reads 'Under review', no 'Clarification requested' banner is shown, and Details shows Expected attendance '120', Preferred layout 'Classroom' and Description 'Half-day briefing for 120 advisers, followed by a networking lunch.' Step 7: 'SPM26 Meridian Advisory Briefing' is listed with the 'Under review' badge.
A37: SPM-29 Request Event Clarification - run npm run fixtures:spm29 before its first case
A38: 26 | B38: SPM-29-TC02 | C38: The assigned coordinator sends a clarification request and the event stays Under review with the request shown on it | D38: AC1, AC2, AC3, AC4 | E38: Positive | F38: Run `npm run fixtures:spm29` before this case (and again after it): it sends a request on 'SPM29 Meridian Clarity Summit'. 'SPM29 Meridian Clarity Summit' is Under review, assigned to Daniel Tan, raised by Rachel Ng, with no clarification open. Logged in as Event Coordinator Daniel Tan (daniel.tan@connectsphere.com / password123). | G38: Event: SPM29 Meridian Clarity Summit Items: Purpose, When Message: Is this a dinner or a conference? Which day do you need? | H38: 1. Click 'Review Queue' in the sidebar and open 'SPM29 Meridian Clarity Summit' 2. Click 'Review request' 3. Choose 'Ask the organiser for clarification' 4. Tick 'Purpose' and 'When' under 'What needs clarification' 5. Type the message in 'Message to the organiser' 6. Click 'Send request' 7. Click 'Review Queue' in the sidebar 8. Open 'SPM29 Meridian Clarity Summit' 9. Log out and log in as Event Organiser Rachel Ng (rachel.ng@meridianfina.com / password123) 10. Click 'My Events' in the sidebar and open 'SPM29 Meridian Clarity Summit' | I38: Step 6: A green 'Clarification requested' message says the event stays Under review and the organiser can see the request on the event. The status badge at the top still reads 'Under review'. An 'Open clarification' box shows 'Purpose, When', the message 'Is this a dinner or a conference? Which day do you need?' and 'Asked by Daniel Tan' with today's date and time. 'Ask the organiser for clarification' is no longer offered, while 'Approve — planning can start' and 'Reject this request' still are. Step 7: 'SPM29 Meridian Clarity Summit' is still listed in the Review Queue with the 'Under review' badge. Step 8: The event page shows the 'Under review' badge and an amber 'Clarification requested' banner with 'Purpose, When', the message and 'Asked by Daniel Tan' with today's date and time. Step 10: Rachel Ng's event page shows the 'Under review' badge and the same 'Clarification requested' banner with 'Purpose, When', the message and 'Asked by Daniel Tan'.
A39: SPM-59 Record Request Withdrawal - run npm run fixtures:spm59 before its first case
A40: 27 | B40: SPM-59-TC01 | C40: The assigned coordinator records the organiser's withdrawal of a request under review, and its status changes to Withdrawn | D40: AC1, AC2 | E40: Positive | F40: THIS RUN: SPM-59-TC02 is not selected. Skip it, and run the fixture script once the selected cases that follow on from this one are done. Run npm run fixtures:spm59 before this case. 'SPM59 Harbour Strategy Day' is Under review, organised by Rachel Ng and assigned to Daniel Tan. Logged in as daniel.tan@connectsphere.com / password123 (Event Coordinator). SPM-59-TC02 continues from this case, so go straight to it and run npm run fixtures:spm59 after it. | G40: Event: SPM59 Harbour Strategy Day (Under review, coordinator Daniel Tan) | H40: 1. Click 'All Events' in the sidebar and open 'SPM59 Harbour Strategy Day' 2. Click 'Record withdrawal' 3. Click 'Keep request' in the dialog 4. Click 'Record withdrawal' again 5. Click 'Record withdrawal' in the dialog 6. Click 'Review Queue' in the sidebar | I40: Step 1: The event page shows the 'Under review' status badge, the 'This request is waiting for your review' alert and a 'Record withdrawal' button. Step 2: A dialog 'Record this withdrawal?' reads 'Only do this when the organiser has asked to withdraw. SPM59 Harbour Strategy Day will be marked Withdrawn and can't be reopened. To go ahead later, the organiser submits a new request.' with the buttons 'Keep request' and 'Record withdrawal'. Step 3: The dialog closes and the status badge still reads 'Under review'. Step 5: A green alert reads 'The withdrawal has been recorded.' The status badge reads 'Withdrawn', Status in the Details card reads 'Withdrawn', and the 'Record withdrawal' button and the 'This request is waiting for your review' alert are gone. Step 6: 'SPM59 Harbour Strategy Day' is not listed.
A41: 28 | B41: SPM-59-TC05 | C41: On My Events a withdrawn request has its own Withdrawn badge, distinct from Draft, Submitted, Approved and Rejected requests, and its own status filter | D41: AC3, AC5 | E41: Positive | F41: npm run fixtures:spm59 has been run. Rachel Ng organises 'SPM59 Draft Offsite' (Draft), 'SPM59 Submitted Briefing' (Submitted), 'SPM59 Approved Seminar' (Approved), 'SPM59 Rejected Gala' (Rejected) and 'SPM59 Withdrawn Product Launch' (Withdrawn). Logged in as rachel.ng@meridianfina.com / password123. Nothing is saved in this case. | G41: Organiser: Rachel Ng Events: SPM59 Draft Offsite, SPM59 Submitted Briefing, SPM59 Approved Seminar, SPM59 Rejected Gala, SPM59 Withdrawn Product Launch | H41: 1. Click 'My Events' in the sidebar 2. Choose 'Withdrawn' in 'Filter by status' | I41: Step 1: 'SPM59 Draft Offsite' is listed under 'Drafts — not yet submitted'. Under 'Submitted', 'SPM59 Submitted Briefing' shows 'Submitted', 'SPM59 Approved Seminar' 'Approved', 'SPM59 Rejected Gala' 'Rejected' and 'SPM59 Withdrawn Product Launch' 'Withdrawn' - each its own badge. Step 2: 'SPM59 Withdrawn Product Launch' is listed and every row shows 'Withdrawn'. None of the other four SPM59 events is listed.
A42: SPM-27 View Event Status - run npm run fixtures:spm27 before its first case
A43: 29 | B43: SPM-27-TC01 | C43: My Events shows each of the organiser's events with its current status badge | D43: AC1, AC3 | E43: Positive | F43: Test data freshly loaded: run `npm run fixtures:spm27` from the project folder just before this case. Logged in as Hakim Zulkifli (hakim.zulkifli@bayuenergypa.com / password123), Event Organiser, Bayu Energy Partners. | G43: SPM27 Bayu Safety Briefing: Submitted | SPM27 Bayu Investor Day: Submitted | SPM27 Bayu Town Hall: Submitted | SPM27 Bayu Grid Workshop: Under review | SPM27 Bayu Contractor Briefing: Under review | SPM27 Bayu Supplier Day: Approved | SPM27 Bayu Leadership Retreat: Planning | SPM27 Bayu Annual Conference: Confirmed | SPM27 Bayu Graduate Induction: Completed | SPM27 Bayu Overnight Site Visit: Rejected | SPM27 Bayu Community Fair: Postponed | SPM27 Bayu Partner Lunch: Withdrawn | SPM27 Bayu Wind Farm Tour: Withdrawn | SPM27 Bayu Product Showcase: Cancelled | H43: 1. Click 'My Events' in the sidebar | I43: Step 1: Each of the 14 SPM27 events shows a coloured status badge with exactly the label listed in Test data, so all 10 statuses appear: Submitted, Under review, Approved, Planning, Confirmed, Completed, Rejected, Postponed, Withdrawn, Cancelled (some on more than one event). No status is shown as a raw value such as 'under_review'. Only Bayu Energy Partners events are listed; no other company's events appear.
A44: 30 | B44: SPM-27-TC02 | C44: Event page status changes after another role acts on the event | D44: AC1, AC2 | E44: Positive | F44: READ FIRST: v2 (2026-10-20): The Event Operations Manager is now shown as the 'Event Coordinator Lead' (SPM-84 AC1, forum #129, Week 7 Change #5) - the same role, accounts, permissions and pages. Read 'Operations Manager', 'Event Operations Manager' or 'Ops Manager' in this case as 'Event Coordinator Lead'; on screen the role is shown under its new name, and refusals say 'Assigning coordinators is the Event Coordinator Lead's role.' Test data freshly loaded: run `npm run fixtures:spm27` from the project folder before and after this case. 'SPM27 Bayu Investor Day' is Submitted with no coordinator. Accounts: Hakim Zulkifli (hakim.zulkifli@bayuenergypa.com / password123), Event Organiser; Grace Lim (grace.lim@connectsphere.com / password123), Event Operations Manager. | G44: Event: SPM27 Bayu Investor Day | Coordinator: Hui Shan Neo | H44: 1. Log in as Hakim Zulkifli 2. Click 'My Events' in the sidebar 3. Open 'SPM27 Bayu Investor Day' 4. Log out and log in as Grace Lim 5. Click 'Assignments' in the sidebar 6. On the 'SPM27 Bayu Investor Day' row, choose 'Hui Shan Neo' in 'Assign to' 7. Click 'Assign' 8. Log out and log in as Hakim Zulkifli 9. Click 'My Events' in the sidebar 10. Open 'SPM27 Bayu Investor Day' | I44: Step 3: The badge under the title and the Details 'Status' row both read 'Submitted'. Step 10: The badge and the Details 'Status' row both read 'Under review'.
A45: SPM-31 View Event Information - no fixture script: uses the base seed data
A46: 31 | B46: SPM-31-TC03 | C46: Opening a draft from 'My Events' goes straight to the draft editor, never the Overview tab | D46: AC1 | E46: Positive | F46: Logged in as Rachel Ng (rachel.ng@meridianfina.com / password123), Event Organiser. 'Q1 Investor Update (rough idea)' is her own Draft event with description 'Still checking dates with the exec team.' and no category, schedule, or attendance set yet. | G46: Event: Q1 Investor Update (rough idea) (Draft, owned by Rachel Ng) | H46: 1. Open 'My Events' 2. Click the row for 'Q1 Investor Update (rough idea)' under 'Drafts — not yet submitted' | I46: She is taken straight to the 'Edit draft' page, not an Overview tab. No Details card, no Organiser/Company/Coordinator rows, and no draft info banner appear anywhere — a draft has no Overview view at all; it is only ever edited, never overviewed
A47: SPM-62 Update Event Information - run npm run fixtures:spm62 before its first case
A48: 32 | B48: SPM-62-TC01 | C48: The edit form opens with the event's current information and only the fields a coordinator may change | D48: AC1, AC3 | E48: Positive | F48: Test data loaded: `npm run fixtures:spm62` has been run from the project folder since the last full `npx prisma db seed` (it only touches the 'SPM62 …' events, never anyone else's data). Logged in as Daniel Tan (daniel.tan@connectsphere.com / password123), the coordinator assigned to every 'SPM62 …' event. Nothing is saved in this case. | G48: Event: SPM62 Harbour Leadership Summit | Status: Planning | When: 17 Mar 2027, 09:00–17:00 | Expected attendance: 80 | Layout: Theatre | Required facility: Fixed ceiling projector | H48: 1. Click 'All Events' in the sidebar and open 'SPM62 Harbour Leadership Summit' 2. Click 'Edit event information' 3. Click 'Cancel' | I48: Step 1: The event page shows the 'Planning' status badge and an 'Edit event information' button at the top of the page. Step 2: The 'Edit event information' page opens with the 'Planning' status badge. The form is filled in with the event's current information: Event name 'SPM62 Harbour Leadership Summit', Starts at 17 Mar 2027 09:00, Ends at 17 Mar 2027 17:00, Expected attendance 80, Preferred room layout 'Theatre', and 'Fixed ceiling projector' ticked under 'The venue must have'. There are no fields for Organiser, Company, Coordinator or Status, no Registration section, and no equipment rows: an info message reads 'Equipment is changed on the Equipment tab.' The buttons are 'Save changes' and 'Cancel'. No amber warning is shown. Step 3: The event page opens again with the 'Planning' status badge and the same details as in step 1.
A49: 33 | B49: SPM-62-TC03 | C49: An ordinary edit to an Approved event is saved and shown on the event, with nothing flagged | D49: AC1, AC2, AC7 | E49: Positive | F49: Test data loaded: `npm run fixtures:spm62` has been run from the project folder since the last full `npx prisma db seed` (it only touches the 'SPM62 …' events, never anyone else's data). Before: run `npm run fixtures:spm62` so 'SPM62 Bayu Energy Outlook' is back in its starting state. Logged in as Daniel Tan (daniel.tan@connectsphere.com / password123), the coordinator assigned to every 'SPM62 …' event. After: run `npm run fixtures:spm62` so the next tester starts from the same state (never `npx prisma db seed`, which wipes everyone's data). | G49: Event: SPM62 Bayu Energy Outlook | Status: Approved | No venue booking, equipment or registrations | Purpose: Brief clients on the 2027 regional energy outlook | Description: Keynote, market briefing and Q&A | Anything else about the space: Reserve the front row for speakers | H49: 1. Click 'All Events' in the sidebar and open 'SPM62 Bayu Energy Outlook' 2. Click 'Edit event information' 3. Change 'Purpose' to 'Brief clients on the 2027 regional energy outlook' 4. Change 'Description' to 'Keynote, market briefing and Q&A' 5. Change 'Anything else about the space' to 'Reserve the front row for speakers' 6. Click 'Save changes' 7. Click 'Back to event' 8. Click 'Edit event information' | I49: Step 1: The event page shows the 'Approved' status badge. Step 5: No amber warning has appeared at any point while editing. Step 6: No dialog appears. The form is replaced by a green alert 'Event information updated.' and a 'Back to event' link. No 'Flagged for review' alert is shown. Step 7: The event page shows the subtitle 'Brief clients on the 2027 regional energy outlook' under the title, Description 'Keynote, market briefing and Q&A' in the Details card, and Special requirements 'Reserve the front row for speakers' in the Venue requirements card. The status badge still reads 'Approved' (editing information does not begin planning). Step 8: The form shows the saved Purpose, Description and 'Anything else about the space' values.
A50: 34 | B50: SPM-62-TC05 | C50: A date change on a Planning event flags its venue booking, equipment and registrations without changing them | D50: AC2, AC4, AC5 | E50: Positive | F50: THIS RUN: SPM-62-TC06 is not selected. Skip it, and run the fixture script once the selected cases that follow on from this one are done. Test data loaded: `npm run fixtures:spm62` has been run from the project folder since the last full `npx prisma db seed` (it only touches the 'SPM62 …' events, never anyone else's data). Before: run `npm run fixtures:spm62` so 'SPM62 Harbour Leadership Summit' is back in its starting state. Logged in as Daniel Tan (daniel.tan@connectsphere.com / password123), the coordinator assigned to every 'SPM62 …' event. After: if you are running SPM-62-TC06 next, go straight to it - it checks this change as the organiser. Otherwise run `npm run fixtures:spm62` so the next tester starts from the same state (never `npx prisma db seed`, which wipes everyone's data). | G50: Event: SPM62 Harbour Leadership Summit | Status: Planning | When: 17 Mar 2027, 09:00–17:00 -> 24 Mar 2027, 09:00–17:00 | Approved booking: Orchard Seminar Room (ORC-SEM) on 17 Mar 2027 | Equipment: 4K Portable Projector x 2, Reserved | Registrations: 12 attendees registered | H50: 1. Click 'All Events' in the sidebar and open 'SPM62 Harbour Leadership Summit' 2. Click 'Edit event information' 3. Change 'Starts at' to 24 Mar 2027, 09:00 4. Change 'Ends at' to 24 Mar 2027, 17:00 5. Click 'Save changes' 6. Click 'Back to event' 7. Click the 'Venue' tab 8. Click the 'Equipment' tab | I50: Step 1: The event page shows the 'Planning' status badge, 'When' 17 Mar 2027, 09:00–17:00, and Venue 'Orchard Seminar Room (ORC-SEM)'. Step 5: No dialog appears. The form is replaced by a green alert 'Event information updated.' and a 'Back to event' link. Below it, an amber alert 'Flagged for review' reads 'These were arranged for the event's earlier details and have not been changed.' and lists three lines: 'Venue booking: Orchard Seminar Room (ORC-SEM) – the date or time changed'; 'Equipment: 4K Portable Projector × 2 – the date or time changed'; 'Registrations: 12 attendees – the date or time changed'. Step 6: The Details card shows 'When' '24 Mar 2027, 09:00–17:00' and still shows Venue 'Orchard Seminar Room (ORC-SEM)'. The status badge still reads 'Planning'. Step 7: The booking for Orchard Seminar Room (ORC-SEM) is still shown on 17 Mar 2027 with the 'Approved' badge. It has not been moved to 24 Mar 2027 or cancelled. Step 8: '4K Portable Projector', quantity 2, is still listed with the 'Reserved' badge.
A51: 35 | B51: SPM-62-TC09 | C51: A date change on a Confirmed event moves it back to Planning and flags its arrangements | D51: AC2, AC5, AC6 | E51: Positive | F51: Test data loaded: `npm run fixtures:spm62` has been run from the project folder since the last full `npx prisma db seed` (it only touches the 'SPM62 …' events, never anyone else's data). Before: run `npm run fixtures:spm62` so 'SPM62 Straits Pharmacy Forum' is back to Confirmed. Logged in as Daniel Tan (daniel.tan@connectsphere.com / password123), the coordinator assigned to every 'SPM62 …' event. After: run `npm run fixtures:spm62` so the next tester starts from the same state (never `npx prisma db seed`, which wipes everyone's data). | G51: Event: SPM62 Straits Pharmacy Forum | Status: Confirmed | When: 9 Jun 2027, 09:00–17:00 -> 16 Jun 2027, 09:00–17:00 | Approved booking: Marina Auditorium (MAR-AUD) | Equipment: Powered Speaker x 2, Reserved | Registrations: 20 attendees registered | H51: 1. Click 'All Events' in the sidebar and open 'SPM62 Straits Pharmacy Forum' 2. Click 'Edit event information' 3. Change 'Starts at' to 16 Jun 2027, 09:00 4. Change 'Ends at' to 16 Jun 2027, 17:00 5. Click 'Save changes' 6. Click 'Save and move to Planning' 7. Click 'Back to event' 8. Click 'All Events' in the sidebar | I51: Step 1: The event page shows the 'Confirmed' status badge, and there is no 'Confirm event' button. Step 5: The 'Move this event back to Planning?' dialog appears. Step 6: The dialog closes. The form is replaced by a green alert 'Event information updated. The event is back in Planning and needs to be confirmed again.' and a 'Back to event' link. Below it, an amber alert 'Flagged for review' reads 'These were arranged for the event's earlier details and have not been changed.' and lists: 'Venue booking: Marina Auditorium (MAR-AUD) – the date or time changed'; 'Equipment: Powered Speaker × 2 – the date or time changed'; 'Registrations: 20 attendees – the date or time changed'. Step 7: The event page shows the 'Planning' status badge, 'When' '16 Jun 2027, 09:00–17:00' and Status 'Planning' in the Details card, and a 'Confirm event' button at the top of the page. Step 8: The 'SPM62 Straits Pharmacy Forum' row shows 'Planning' in the Status column.
A52: SPM-85 Safety Officer Role and Access - run npm run fixtures:spm85 before its first case
A53: 36 | B53: SPM-85-TC01 | C53: A Safety Officer can log in and is shown as a Safety Officer | D53: AC1 | E53: Positive | F53: npm run fixtures:spm85 has been run (it creates the Safety Officer account Hana Yusof without reseeding). Logged out. | G53: Email: hana.yusof@connectsphere.com Password: password123 Role: Safety Officer | H53: 1. Open the Log in page 2. Type hana.yusof@connectsphere.com in Email 3. Type password123 in Password 4. Click 'Log in' | I53: Step 4: The Dashboard opens. The account menu at the top shows 'Hana Yusof' with the role 'Safety Officer' underneath.
A54: 37 | B54: SPM-85-TC03 | C54: A Safety Officer's sidebar shows only Dashboard, Safety Checks, All Events and Notifications | D54: AC2 | E54: Positive | F54: npm run fixtures:spm85 has been run. Logged in as Hana Yusof (Safety Officer). | G54: Safety Officer: hana.yusof@connectsphere.com Event: SPM85 Marina Networking Night (Planning) | H54: 1. Look at the sidebar 2. Click 'All Events' in the sidebar | I54: Step 1: The sidebar lists exactly 'Dashboard', 'Safety Checks', 'All Events' and 'Notifications'. 'Review Queue', 'Assignments', 'Venues', 'Booking Requests', 'Equipment', 'Equipment Requests', 'My Events', 'Browse Events' and 'My Registrations' are not shown. Step 2: The All Events list opens and includes 'SPM85 Marina Networking Night' with the status 'Planning'.
A55: 38 | B55: SPM-85-TC06 | C55: A Safety Officer sees the event's equipment arrangements read-only | D55: AC3, AC4 | E55: Positive | F55: npm run fixtures:spm85 has been run. Logged in as Hana Yusof (Safety Officer). | G55: Event: SPM85 Harbour Safety Forum Equipment: Handheld Wireless Mic x4 (Main programme, Reserved), Wheelchair Access Ramp x1 (Main programme, Reserved) | H55: 1. Click 'Safety Checks' in the sidebar 2. Click 'SPM85 Harbour Safety Forum' 3. Click the 'Equipment' tab | I55: Step 2: The tab bar shows only 'Overview' and 'Equipment'. Step 3: The Equipment requirements page lists 'Handheld Wireless Mic' (quantity 4) and 'Wheelchair Access Ramp' (quantity 1), each with the status 'Reserved'. There is no 'Add equipment' section and no 'Remove' button on either row.
A56: SPM-69 Release or Adjust Equipment Reservation - run npm run fixtures:spm69 before its first case
A57: 39 | B57: SPM-69-TC01 | C57: Technical Support releases a reservation with a reason after first cancelling, the line is marked Released, and its units become available to an overlapping event | D57: AC1, AC4, AC5, AC8 | E57: Positive | F57: THIS RUN: SPM-69-TC02 is not selected. Skip it, and run the fixture script once the selected cases that follow on from this one are done. Both events are on 13 Jun 2028 and use Wireless Presenter (4 in stock): - SPM69 Release Rehearsal: 3 requested, 3 reserved (Status 'Reserved') - SPM69 Overlap Seminar: 3 requested, nothing reserved Data: run `npm run fixtures:spm69` first. Go straight on to SPM-69-TC02, and run the script again after it. Logged in as Technical Support Staff (vikram.nair@connectsphere.com, password123). | G57: Released: SPM69 Release Rehearsal, Wireless Presenter (3 reserved) Reason: Client is bringing their own presenters Overlapping event: SPM69 Overlap Seminar, Wireless Presenter (3 requested) | H57: 1. Click 'Equipment Requests' in the sidebar 2. Open the equipment request for the SPM69 Overlap Seminar event 3. Click 'Equipment Requests' in the breadcrumb 4. Open the equipment request for the SPM69 Release Rehearsal event 5. On the Wireless Presenter line, click 'Release' 6. In the dialog, click 'Cancel' 7. On the Wireless Presenter line, click 'Release' again 8. In the dialog, click 'Release' without giving a reason 9. In 'Reason for releasing', enter 'Client is bringing their own presenters' 10. Click 'Release' 11. Click 'Equipment Requests' in the breadcrumb 12. Open the equipment request for the SPM69 Overlap Seminar event | I57: Step 2: The Wireless Presenter line reads '4 total − 0 out of service − 3 reserved elsewhere = 1 available for these dates' and '3 requested, 1 available.' Its Availability chip shows 'Partial'. Step 4: The Wireless Presenter line shows Requested 3, Reserved 3 and Status 'Reserved', with 'Adjust' and 'Release' buttons and no 'Reserve' button. Step 5: A dialog 'Release this reservation?' appears, saying 'This frees the 3 Wireless Presenter reserved for SPM69 Release Rehearsal for other events. The event's Coordinator is told.', with an empty, required 'Reason for releasing' field. Step 6: The dialog closes. The line still shows Reserved 3 and Status 'Reserved'. Step 8: 'Give a reason for releasing this reservation.' appears under 'Reason for releasing'. The dialog stays open and nothing is released. Step 10: The dialog closes and 'Reservation released.' appears on the line. Its Status chip shows 'Released', the Reserved column shows '—', the line says 'Released — 3 were reserved.' and 'Technical Support notes: Client is bringing their own presenters'. 'Adjust' and 'Release' are no longer offered; 'Reserve' is. Step 12: The Wireless Presenter line now reads '4 total − 0 out of service − 0 reserved elsewhere = 4 available for these dates' and its Availability chip shows 'Available'.
A58: 40 | B58: SPM-69-TC04 | C58: Technical Support reduces a reservation, the line becomes Partially fulfilled, the freed units show as available to an overlapping event, and the Coordinator is notified | D58: AC2, AC4, AC5, AC6 | E58: Positive | F58: Both events are on 20 Jun 2028 and use Confidence Monitor (4 in stock): - SPM69 Reduce Workshop: 4 requested, 4 reserved (Status 'Reserved') - SPM69 Neighbour Briefing: 2 requested, nothing reserved Data: run `npm run fixtures:spm69` before and after this case. Logged in as Technical Support Staff (vikram.nair@connectsphere.com, password123). | G58: Event: SPM69 Reduce Workshop Reserved quantity: 4 -> 2 | H58: 1. Click 'Equipment Requests' in the sidebar 2. Open the equipment request for the SPM69 Neighbour Briefing event 3. Click 'Equipment Requests' in the breadcrumb 4. Open the equipment request for the SPM69 Reduce Workshop event 5. On the Confidence Monitor line, click 'Adjust' 6. In 'Reserved quantity', enter 2 7. Click 'Save' 8. Click 'Equipment Requests' in the breadcrumb 9. Open the equipment request for the SPM69 Neighbour Briefing event 10. Click 'Log out' 11. Log in as the Event Coordinator (daniel.tan@connectsphere.com, password123) 12. Click 'Notifications' in the sidebar | I58: Step 2: The Confidence Monitor line reads '4 total − 0 out of service − 4 reserved elsewhere = 0 available for these dates' and 'Held by SPM69 Reduce Workshop (4 units) until 21 Jun.' Its Availability chip shows 'None available'. Step 5: A form opens on the line with a 'Reserved quantity' field showing 4, and 'Save' and 'Cancel' buttons. Step 7: The form closes and 'Reservation changed: 2 reserved.' appears on the line. Reserved shows 2 and the Status chip shows 'Partially fulfilled'. Step 9: The Confidence Monitor line now reads '4 total − 0 out of service − 2 reserved elsewhere = 2 available for these dates' and its Availability chip shows 'Available'. Step 12: The list shows an unread notification 'Equipment reservation changed' reading 'Technical Support changed the Confidence Monitor reserved for SPM69 Reduce Workshop from 4 to 2.'
A59: 41 | B59: SPM-69-TC08 | C59: A Coordinator's change to a reserved requirement sends it back to Technical Support as Requested, still showing what is reserved, without flagging it | D59: AC7 | E59: Positive | F59: SPM69 Coordinator Change Expo (4 Jul 2028, Planning) has one line: Confidence Monitor, 2 requested, 2 reserved (Status 'Reserved'), technical requirements 'HDMI from the lectern'. Daniel Tan is its assigned Coordinator. Data: run `npm run fixtures:spm69` first. Go straight on to SPM-69-TC09, and run the script again after it. Logged out. | G59: Event: SPM69 Coordinator Change Expo Quantity: 2 -> 3 | H59: 1. Log in as the Event Coordinator (daniel.tan@connectsphere.com, password123) 2. Click 'All Events' in the sidebar 3. Open the SPM69 Coordinator Change Expo event 4. Click the 'Equipment' tab 5. On the Confidence Monitor row, change 'Quantity' to 3 6. Click 'Save' 7. Click 'Flagged Arrangements' in the sidebar 8. Click 'Log out' 9. Log in as Technical Support Staff (vikram.nair@connectsphere.com, password123) 10. Click 'Equipment Requests' in the sidebar 11. Open the equipment request for the SPM69 Coordinator Change Expo event | I59: Step 4: The Confidence Monitor row shows the status 'Reserved' and '2 reserved'. Step 6: The row now shows the status 'Requested' and still '2 reserved'. Step 7: SPM69 Coordinator Change Expo is not listed. Step 11: The Confidence Monitor line shows Requested 3, Reserved 2 and Status 'Requested', with 'The Coordinator changed this requirement — 2 still reserved. Review it again.' and 'Technical requirements: HDMI from the lectern'. 'Adjust', 'Release' and 'Reserve' are offered.
A60: 42 | B60: SPM-69-TC09 | C60: Technical Support reviews a sent-back requirement and adjusts the reservation to the new quantity, marking it Reserved again | D60: AC7, AC3, AC5 | E60: Positive | F60: SPM-69-TC08 has just been run (SPM69 Coordinator Change Expo's Confidence Monitor line is back with Technical Support: 3 requested, 2 reserved, Status 'Requested'), and the tester is on its Equipment request page as Technical Support Staff. Data: run `npm run fixtures:spm69` after this case. | G60: Reserved quantity: 2 -> 3 (the Coordinator's new quantity) | H60: 1. On the Confidence Monitor line, click 'Adjust' 2. In 'Reserved quantity', enter 3 3. Click 'Save' | I60: Step 1: A form opens with 'Reserved quantity' showing 2. Step 3: The form closes and 'Reservation changed: 3 reserved.' appears on the line. Reserved shows 3, the Status chip shows 'Reserved', and 'The Coordinator changed this requirement' is no longer shown.

Sheet Jordan
A1: Jordan's cases: Review, planning, readiness, event outcomes and the waiting list
A2: Run top to bottom. A blue row starts each story: run its fixture script first (never npx prisma db seed). READ FIRST at the top of Preconditions says what has changed since the case was written. IDs ending in -R were rewritten in the Sprint 3 run and are reused here. Fill in the yellow Result, Date tested and Notes cells.
A4: # | B4: Test case ID | C4: Title | D4: Linked AC | E4: Type | F4: Preconditions | G4: Test data | H4: Steps | I4: Expected results | J4: Result | K4: Date tested | L4: Notes / bug key
A5: SPM-28 Review Event Request - run npm run fixtures:spm28 before its first case
A6: 1 | B6: SPM-28-TC01 | C6: Review Queue lists only the Under review events assigned to the logged-in coordinator | D6: AC1 | E6: Positive | F6: Test data loaded: `npm run fixtures:spm28` has been run from the project folder since the last full `npx prisma db seed` (it only touches the 'SPM28 …' events, EVT-000124 to EVT-000130, never anyone else's data). Logged in as Daniel Tan (daniel.tan@connectsphere.com / password123), Event Coordinator. | G6: Must appear (Under review, coordinator Daniel Tan): SPM28 Nusantara Product Launch (EVT-000124), SPM28 Harbourline Client Seminar (EVT-000125) | Must not appear: SPM28 Kirana Regional Offsite (EVT-000126, coordinator Priya Raj), SPM28 Straits Journal Club (EVT-000127, coordinator Joel Fernandez) | H6: 1. Click 'Review Queue' in the sidebar | I6: Step 1: The Review Queue page lists 'SPM28 Nusantara Product Launch' (client 'Nusantara Tech Labs', 17 Mar 2027, 'Under review' badge) and 'SPM28 Harbourline Client Seminar'. Other Under review events assigned to Daniel Tan may also appear; only the SPM28 events are checked here. 'SPM28 Kirana Regional Offsite' and 'SPM28 Straits Journal Club' are not listed.
A7: 2 | B7: SPM-28-TC05 | C7: Review page displays all requirements of the request | D7: AC2 | E7: Positive | F7: Test data loaded: `npm run fixtures:spm28` has been run from the project folder since the last full `npx prisma db seed` (it only touches the 'SPM28 …' events, EVT-000124 to EVT-000130, never anyone else's data). Logged in as Daniel Tan (daniel.tan@connectsphere.com / password123), Event Coordinator. | G7: Event: SPM28 Nusantara Product Launch (EVT-000124) | Client: Nusantara Tech Labs | Organiser: Sari Widodo | Category: Exhibition | Purpose: Regional product launch and press event | Description: Press event with livestream and product demonstration area. | When: 17 Mar 2027, 15:00–19:00 | Expected attendance: 200 | Preferred layout: Theatre | Registration: Not enabled | Facilities: High-density WiFi (required), Raised stage (required), Livestream capability (required), Green room (nice-to-have) | Equipment: LED Video Wall Panel × 4, Streaming Encoder × 1 | Accessibility needs and Special requirements: left empty by the organiser | H7: 1. Click 'Review Queue' in the sidebar 2. Click 'SPM28 Nusantara Product Launch' | I7: Step 1: The Review Queue page opens and lists 'SPM28 Nusantara Product Launch'. Step 2: The 'Review request' page opens, with 'SPM28 Nusantara Product Launch' under the title and the 'Under review' badge. The 'What was requested' card shows every value in the test data next to its label, each facility followed by '(required)' or '(nice-to-have)', and each equipment item as 'name × quantity'. Accessibility needs and Special requirements show a 'Not provided' marker. No raw stored values (e.g. 'under_review', 'theatre') are shown.
A8: 3 | B8: SPM-28-TC06 | C8: Missing information is clearly flagged on the review page | D8: AC3 | E8: Positive | F8: Test data loaded: `npm run fixtures:spm28` has been run from the project folder since the last full `npx prisma db seed` (it only touches the 'SPM28 …' events, EVT-000124 to EVT-000130, never anyone else's data). Logged in as Joel Fernandez (joel.fernandez@connectsphere.com / password123), Event Coordinator assigned to 'SPM28 Straits Journal Club' (Under review). The request has no description, accessibility needs, special requirements, facilities or equipment. | G8: Event: SPM28 Straits Journal Club (EVT-000127) | Empty: Description, Accessibility needs, Special requirements, Facilities, Equipment | Filled: Purpose 'Monthly journal club', Expected attendance 30, Layout Boardroom | H8: 1. Click 'Review Queue' in the sidebar 2. Click 'SPM28 Straits Journal Club' | I8: Step 1: The Review Queue page opens and lists 'SPM28 Straits Journal Club'. Step 2: A yellow alert 'Some information was not provided' lists 'Description, Accessibility needs, Special requirements, Facilities, Equipment'. In 'What was requested', each of those rows shows a 'Not provided' marker (not blank or hidden). Purpose shows 'Monthly journal club', Expected attendance shows 30 and Preferred layout shows 'Boardroom'.
A9: 4 | B9: SPM-28-TC08 | C9: Coordinator approves a request for planning | D9: AC4, AC6 | E9: Positive | F9: Test data loaded: `npm run fixtures:spm28` has been run from the project folder since the last full `npx prisma db seed` (it only touches the 'SPM28 …' events, EVT-000124 to EVT-000130, never anyone else's data). Before: run `npm run fixtures:spm28` so 'SPM28 Harbourline Client Seminar' is back to Under review. Logged in as Daniel Tan (daniel.tan@connectsphere.com / password123), coordinator of 'SPM28 Harbourline Client Seminar' (Under review). After: run `npm run fixtures:spm28` so the next tester starts from the same state. It deletes and recreates only the 'SPM28 …' events - do NOT run `npx prisma db seed`, which wipes everyone's data. | G9: Event: SPM28 Harbourline Client Seminar (EVT-000125) | Outcome: Approve | H9: 1. Click 'Review Queue' in the sidebar 2. Click 'SPM28 Harbourline Client Seminar' 3. Select 'Approve — planning can start' 4. Click 'Approve request' 5. Click 'Approve' in the dialog 6. Click 'Review Queue' in the sidebar 7. Click 'All Events' in the sidebar and look for 'SPM28 Harbourline Client Seminar' | I9: Step 2: The 'Review request' page opens with the 'Under review' badge. Step 3: The option is highlighted and an 'Approve request' button is shown. Step 4: A dialog 'Approve this request?' appears, saying the event moves from Under review to Approved. The status has not changed yet. Step 5: A green 'Request approved' alert reads '"SPM28 Harbourline Client Seminar" is now Approved. Planning can start.' The status badge changes from 'Under review' to 'Approved' and the 'Your decision' card disappears. Step 6: 'SPM28 Harbourline Client Seminar' is no longer listed. Step 7: The event page shows the 'Approved' status badge, and no 'This request is waiting for your review' alert.
A10: 5 | B10: SPM-28-TC10 | C10: Coordinator rejects a request with a reason | D10: AC5, AC6 | E10: Positive | F10: Test data loaded: `npm run fixtures:spm28` has been run from the project folder since the last full `npx prisma db seed` (it only touches the 'SPM28 …' events, EVT-000124 to EVT-000130, never anyone else's data). Before: run `npm run fixtures:spm28` so 'SPM28 Kirana Regional Offsite' is back to Under review. Logged in as Priya Raj (priya.raj@connectsphere.com / password123), Event Coordinator assigned to 'SPM28 Kirana Regional Offsite' (Under review). | G10: Event: SPM28 Kirana Regional Offsite (EVT-000126) | Reason for rejection: Headcount was not confirmed after two reminders; please resubmit once numbers are final. | H10: 1. Click 'Review Queue' in the sidebar 2. Click 'SPM28 Kirana Regional Offsite' 3. Select 'Reject this request' 4. Type the reason into 'Reason for rejection' 5. Click 'Reject request' 6. Click 'Review Queue' in the sidebar | I10: Step 2: The 'Review request' page opens with the 'Under review' badge. Step 3: The 'Reason for rejection' field (marked required) and the 'Reject request' and 'Cancel' buttons appear. Step 5: A green 'Request rejected' alert reads '"SPM28 Kirana Regional Offsite" is now Rejected. The organiser can see your reason on the event.' followed by 'Reason:' and the reason exactly as typed. The status badge changes from 'Under review' to 'Rejected'. Step 6: 'SPM28 Kirana Regional Offsite' is no longer listed.
A11: SPM-30 Assign Event Coordinator - run npm run fixtures:spm30 before its first case
A12: 6 | B12: SPM-30-TC08 | C12: Ops Manager assigns a coordinator; it is recorded and the event moves to Under review | D12: AC1, AC2, AC3 | E12: Positive | F12: Test data loaded: run `npm run fixtures:spm30` from the project folder if it has not been run for this test pass. 'SPM30 Nusantara Developer Meetup' (organiser Budi Santoso, Nusantara Tech Labs) is Submitted with no coordinator. Logged in as Grace Lim (grace.lim@connectsphere.com / password123). Data reset: Changes data (assigns the event). TC09 and TC10 continue from this result, so reset only after TC10: run `npm run fixtures:spm30` from the project folder. | G12: Event: SPM30 Nusantara Developer Meetup | Coordinator: Daniel Tan | H12: 1. Click 'Assignments' in the sidebar 2. In the 'Assign to' dropdown for 'SPM30 Nusantara Developer Meetup', choose 'Daniel Tan' 3. Click 'Assign' 4. Click 'All Events' and open 'SPM30 Nusantara Developer Meetup' 5. Reload the page | I12: The message 'Daniel Tan is now the coordinator for "SPM30 Nusantara Developer Meetup". It has moved to Under review.' is shown. 'SPM30 Nusantara Developer Meetup' disappears from the 'Awaiting assignment' list. After reloading the event page, the status badge shows 'Under review' (previously 'Submitted') and the 'Details' card shows Coordinator 'Daniel Tan'.
A13: 7 | B13: SPM-30-TC10 | C13: Owning organiser sees the assigned coordinator | D13: AC5 | E13: Positive | F13: TC08 completed: Daniel Tan is assigned to 'SPM30 Nusantara Developer Meetup'. Logged in as Budi Santoso (budi.santoso@nusantaratec.com / password123), the event's organiser. Data reset: After this case, reset the data TC08 and TC09 changed: run `npm run fixtures:spm30` from the project folder. | G13: Event: SPM30 Nusantara Developer Meetup | Organiser: Budi Santoso | H13: 1. Click 'My Events' in the sidebar 2. Open 'SPM30 Nusantara Developer Meetup' | I13: The 'Details' card shows Coordinator 'Daniel Tan'.
A14: 8 | B14: SPM-30-TC13 | C14: Ops Manager reassigns an event from the event page | D14: AC6, AC3 | E14: Positive | F14: Test data loaded: run `npm run fixtures:spm30` from the project folder if it has not been run for this test pass. 'SPM30 Kirana Regional Offsite' (organiser Faridah Aziz) is Under review with coordinator Priya Raj. Logged in as Grace Lim (grace.lim@connectsphere.com / password123). Data reset: Changes data (reassigns the event). TC14 continues from this result, so reset only after TC14: run `npm run fixtures:spm30` from the project folder. | G14: Event: SPM30 Kirana Regional Offsite | From: Priya Raj | To: Joel Fernandez | H14: 1. Click 'All Events' 2. Open 'SPM30 Kirana Regional Offsite' 3. In the 'Change coordinator' card, choose 'Joel Fernandez' from the dropdown 4. Click 'Reassign' 5. Click 'Reassign' in the 'Reassign this event?' confirmation 6. Reload the page | I14: The confirmation says the event moves from Priya Raj to Joel Fernandez. The message 'Reassigned from Priya Raj to Joel Fernandez.' is shown. After reloading, the 'Details' card shows Coordinator 'Joel Fernandez'. The event status is unchanged (Under review).
A15: 9 | B15: SPM-30-TC14 | C15: After reassignment the previous coordinator loses access and the new one gains it | D15: AC6, AC4 | E15: Positive | F15: TC13 completed: 'SPM30 Kirana Regional Offsite' reassigned from Priya Raj to Joel Fernandez. Data reset: After this case, reset the data TC13 changed: run `npm run fixtures:spm30` from the project folder. | G15: Event: SPM30 Kirana Regional Offsite | Previous: Priya Raj | New: Joel Fernandez | H15: 1. Log in as Priya Raj (priya.raj@connectsphere.com / password123) 2. Open the Dashboard 3. Open 'SPM30 Kirana Regional Offsite' from 'All Events' and open the 'Equipment' tab 4. Log out and log in as Joel Fernandez (joel.fernandez@connectsphere.com / password123) 5. Open the Dashboard | I15: The event is no longer listed on Priya Raj's dashboard, and she sees no add/edit options on its Equipment tab. The event is listed under 'Awaiting your review' on Joel Fernandez's dashboard.
A16: SPM-54 Begin Event Planning - run npm run fixtures:spm54 before its first case
A17: 10 | B17: SPM-54-TC01 | C17: Pressing Search on Find a venue for an Approved event moves it to Planning | D17: AC1, AC2 | E17: Positive | F17: Test data loaded: `npm run fixtures:spm54` has been run from the project folder since the last full `npx prisma db seed` (it only touches the 'SPM54 …' events, EVT-000145 to EVT-000154, never anyone else's data). Before: run `npm run fixtures:spm54` so 'SPM54 Straits Clinical Forum' is back to Approved. Logged in as Daniel Tan (daniel.tan@connectsphere.com / password123), coordinator of 'SPM54 Straits Clinical Forum' (Approved). After: if you are running SPM-54-TC02 next, go straight to it - it needs this event in Planning. Otherwise run `npm run fixtures:spm54` so the next tester starts from the same state (never `npx prisma db seed`, which wipes everyone's data). | G17: Event: SPM54 Straits Clinical Forum (EVT-000145) | Starting status: Approved | Coordinator: Daniel Tan | Organiser: Evelyn Chen | H17: 1. Click 'All Events' in the sidebar and open 'SPM54 Straits Clinical Forum' 2. Click the 'Venue' tab 3. Click 'Search with filters' 4. Click 'Search' 5. Click 'Continue' in the dialog 6. Click 'EVT-000145' in the breadcrumb at the top of the page 7. Click 'All Events' in the sidebar | I17: Step 1: The event page shows EVT-000145 with the 'Approved' status badge, and 'Approved' next to Status in the Details card. Step 3: The 'Find a venue' search page opens with the subtitle 'Filled in from SPM54 Straits Clinical Forum's requirements. Change any filter and search again.' No 'Planning has started' alert is shown. Step 4: A dialog 'Begin planning?' reads 'This is the first venue or equipment action for this event, so it will move from Approved to Planning. The organiser and ConnectSphere staff will see this status. This cannot be undone.' with 'Cancel' and 'Continue' buttons. The status has not changed yet. Step 5: The dialog closes and the search runs. Above the filters, a green alert 'Planning has started' reads 'This event has moved from Approved to Planning now that its venue search has begun.' Step 6: The event page shows the 'Planning' status badge, and 'Planning' next to Status in the Details card. Step 7: The 'SPM54 Straits Clinical Forum' row shows 'Planning' in the Status column.
A18: 11 | B18: SPM-54-TC02 | C18: Organiser sees that their event has entered Planning | D18: AC4 | E18: Positive | F18: SPM-54-TC01 has just been run ('SPM54 Straits Clinical Forum' moved to Planning by Daniel Tan). Logged in as Evelyn Chen (evelyn.chen@straitsmedic.com / password123), Event Organiser of 'SPM54 Straits Clinical Forum'. After: run `npm run fixtures:spm54` so the next tester starts from the same state. It deletes and recreates only the 'SPM54 …' events - do NOT run `npx prisma db seed`, which wipes everyone's data. | G18: Event: SPM54 Straits Clinical Forum (EVT-000145) | Organiser: Evelyn Chen | Coordinator: Daniel Tan | H18: 1. Click 'Dashboard' in the sidebar 2. Click 'My Events' in the sidebar 3. Choose 'Planning' in 'Filter by status' 4. Click 'SPM54 Straits Clinical Forum' | I18: Step 1: Under the 'Planning' heading on the Dashboard, 'SPM54 Straits Clinical Forum' is listed with the 'Planning' status badge. It is the first event in that section (each section shows the five most recently updated) and is not under 'Approved'. Step 2: Under 'Submitted', 'SPM54 Straits Clinical Forum' is listed with 'Planning' in the Status column. Step 3: 'SPM54 Straits Clinical Forum' is still listed, and every listed event shows 'Planning'. Step 4: The event page shows EVT-000145 with the 'Planning' status badge. The Details card shows 'Planning' next to Status and 'Daniel Tan' next to Coordinator.
A19: 12 | B19: SPM-54-TC07 | C19: Removing an equipment item from an Approved event moves it to Planning | D19: AC1, AC3 | E19: Positive | F19: Test data loaded: `npm run fixtures:spm54` has been run from the project folder since the last full `npx prisma db seed` (it only touches the 'SPM54 …' events, EVT-000145 to EVT-000154, never anyone else's data). Before: run `npm run fixtures:spm54` so 'SPM54 Civic Trust Teachers Briefing' is back to Approved with its one equipment item. Logged in as Daniel Tan (daniel.tan@connectsphere.com / password123), coordinator of 'SPM54 Civic Trust Teachers Briefing' (Approved). Its organiser, Grace Abdullah, requested Handheld Wireless Mic × 1 when creating the event, so the item is already listed before planning begins. After: run `npm run fixtures:spm54` so the next tester starts from the same state. It deletes and recreates only the 'SPM54 …' events - do NOT run `npx prisma db seed`, which wipes everyone's data. | G19: Event: SPM54 Civic Trust Teachers Briefing (EVT-000154) | Starting status: Approved | Equipment removed: Handheld Wireless Mic (quantity 1) | H19: 1. Click 'All Events' in the sidebar and open 'SPM54 Civic Trust Teachers Briefing' 2. Click the 'Equipment' tab 3. Click 'Remove' on the 'Handheld Wireless Mic' row 4. Click 'Remove' in the dialog 5. Click the 'Overview' tab | I19: Step 1: The event page shows EVT-000154 with the 'Approved' status badge. Step 2: The 'Equipment requirements' page shows EVT-000154 with the 'Approved' status badge. The 'Requested items' card shows '1 item': 'Handheld Wireless Mic' with a 'Requested' badge and Quantity 1. Step 3: A dialog 'Remove this equipment requirement?' reads 'Technical Support will no longer see this item requested for this event.' followed by 'This is the first venue or equipment action for this event, so it will also move from Approved to Planning. The organiser and ConnectSphere staff will see this status. This cannot be undone.' The item is still listed and the status badge still shows 'Approved'. No separate 'Begin planning?' dialog appears. Step 4: The dialog closes and 'Nothing requested yet' is shown. A green alert 'Planning has started' reads 'This event has moved from Approved to Planning now that its equipment requirements are being worked on.', and the status badge at the top of the page changes to 'Planning'. Step 5: The event page shows the 'Planning' status badge, and 'Planning' next to Status in the Details card.
A20: SPM-33 Track Outstanding Arrangements - run npm run fixtures:spm33 before its first case
A21: 13 | B21: SPM-33-TC01-R | C21: Every venue booking, equipment line and the safety check are listed with their own status, and Confirm names what is outstanding | D21: AC1, AC2, AC3, AC6, AC7, AC9, AC11 | E21: Positive | F21: Rewritten: the story's SPM-33-TC01 is out of date (SPM-88, SPM-65). The SPM-33 fixtures are loaded (npm run fixtures:spm33). 'SPM33 Two Room Conference' is in Planning, assigned to Daniel Tan, with Marina Auditorium (Approved), Orchard Studio (Pending), Handheld Wireless Mic (Reserved) and Audio Mixing Desk (Requested). It has never been submitted for a safety check. Logged in as Daniel Tan. Confirmation is refused, so nothing changes. | G21: Event: SPM33 Two Room Conference (Planning) | H21: 1. Click 'All Events' in the sidebar and open 'SPM33 Two Room Conference' 2. Click the 'Readiness' tab 3. Click the 'Overview' tab 4. Click 'Confirm event' 5. Click 'Confirm event' in the dialog | I21: Step 1: The status badge reads 'Planning'. The tabs are 'Overview', 'Venue', 'Equipment', 'Attendees' and 'Readiness'. Step 2: '3 arrangements still block confirmation' is shown. 'Marina Auditorium' (Booking status: Approved) and 'Handheld Wireless Mic' (Request status: Reserved) are 'Complete'. 'Orchard Studio' is 'Outstanding': 'Orchard Studio for this event is still awaiting a decision from Venue Staff.' 'Audio Mixing Desk' is 'Outstanding': 'Audio Mixing Desk for this event is not reserved yet.' Both have 'Mark as not required'. 'Registration setup' is 'Not required': 'Registration is not enabled for this event.' 'Operational Safety Check' is 'Outstanding' (Safety check status: Not submitted): 'The Operational Safety Check has not been submitted yet.', with no 'Mark as not required' button. Step 5: The event is NOT confirmed. 'This event cannot be confirmed yet: Orchard Studio for this event is still awaiting a decision from Venue Staff; Audio Mixing Desk for this event is not reserved yet; the Operational Safety Check has not been submitted yet.' is shown. The status badge still reads 'Planning'.
A22: 14 | B22: SPM-33-TC05-R | C22: A flagged venue booking and equipment reservation are shown as outstanding, with why, and prevent confirmation | D22: AC4, AC11 | E22: Positive | F22: Rewritten: the story's SPM-33-TC05 is out of date (SPM-88). The SPM-33 fixtures are loaded. 'SPM33 Date Changed' is in Planning, assigned to Daniel Tan; its Orchard Seminar Room booking (Approved) and Handheld Wireless Mic (Reserved) are both flagged because the date changed. Logged in as Daniel Tan. Nothing changes. | G22: Event: SPM33 Date Changed (Planning) | H22: 1. Click 'All Events' in the sidebar and open 'SPM33 Date Changed' 2. Click the 'Readiness' tab 3. Click the 'Overview' tab 4. Click 'Confirm event' 5. Click 'Confirm event' in the dialog | I22: Step 2: '3 arrangements still block confirmation' is shown. 'Orchard Seminar Room' (Booking status: Approved) is 'Outstanding': 'Orchard Seminar Room for this event is flagged for review: the date or time changed.', with 'Review in Flagged Arrangements', 'Keep booking' and 'Mark as not required'. 'Handheld Wireless Mic' (Request status: Reserved) is 'Outstanding' and flagged the same way, with 'Keep reservation'. 'Operational Safety Check' is 'Outstanding' (Not submitted). Step 5: The event is NOT confirmed. 'This event cannot be confirmed yet: Orchard Seminar Room for this event is flagged for review: the date or time changed; Handheld Wireless Mic for this event is flagged for review: the date or time changed; the Operational Safety Check has not been submitted yet.' is shown. The status badge still reads 'Planning'.
A23: 15 | B23: SPM-33-TC08-R | C23: The assigned Coordinator marks an equipment line Technical Support cannot provide as not required | D23: AC8, AC10, AC7 | E23: Positive | F23: Rewritten: the story's SPM-33-TC08 is out of date (SPM-88). Run before SPM-33-TC09-R, which continues from this case. Run npm run fixtures:spm33 before this case. 'SPM33 Stage Unavailable' is in Planning, assigned to Daniel Tan, with an approved booking at Orchard Gallery, Handheld Wireless Mic (Reserved) and Portable Stage (Cannot be provided). Logged in as Daniel Tan. SPM-33-TC09 needs this change, so go straight to it and run npm run fixtures:spm33 after SPM-33-TC09. | G23: Event: SPM33 Stage Unavailable (Planning) | H23: 1. Click 'All Events' in the sidebar and open 'SPM33 Stage Unavailable' 2. Click the 'Readiness' tab 3. Click 'Mark as not required' in the 'Portable Stage' item | I23: Step 2: '2 arrangements still block confirmation' is shown. 'Portable Stage' (Request status: Cannot be provided) is 'Outstanding': 'Portable Stage for this event is not reserved yet.', with 'Mark as not required'. 'Orchard Gallery' and 'Handheld Wireless Mic' are 'Complete' with no such button. 'Operational Safety Check' is 'Outstanding' (Not submitted). Step 3: 'Portable Stage' now shows 'Not required', still 'Request status: Cannot be provided', and 'Marked as not required by Daniel Tan on' today's date and time. Its button reads 'Mark as required'. The message changes to '1 arrangement still blocks confirmation' - the safety check, which cannot be marked as not required.
A24: 16 | B24: SPM-33-TC09-R | C24: The Coordinator reverses a not-required decision and the arrangement is outstanding again | D24: AC8 | E24: Positive | F24: Rewritten: the story's SPM-33-TC09 is out of date (SPM-88). Run straight after SPM-33-TC08-R - do not reset the fixtures in between. SPM-33-TC08 has just been run and the fixtures have NOT been reset since. Still on the Readiness tab of 'SPM33 Stage Unavailable' as Daniel Tan. Run npm run fixtures:spm33 after this case. | G24: Event: SPM33 Stage Unavailable (Planning) | Portable Stage, marked as not required in SPM-33-TC08 | H24: 1. Click 'Mark as required' in the 'Portable Stage' item 2. Click the 'Equipment' tab of the event (not 'Equipment' in the sidebar) | I24: Step 1: 'Portable Stage' is 'Outstanding' again, with 'Mark as not required', and no longer says who marked it. The message changes back to '2 arrangements still block confirmation'. Step 2: The 'Portable Stage' requirement is still listed with 'Cannot be provided' and 'Technical Support notes: Every unit is committed elsewhere that week.' Marking it and reversing the decision did not change or remove it.
A25: 17 | B25: SPM-33-TC12-R | C25: Registration that is enabled but has no capacity is outstanding until it is marked as not required | D25: AC5, AC8 | E25: Positive | F25: Rewritten: the story's SPM-33-TC12 is out of date (SPM-88). Run npm run fixtures:spm33 before and after this case. 'SPM33 Registration Not Needed' is in Planning, assigned to Daniel Tan, with an approved booking at Orchard Gallery and no equipment. Registration is enabled, opens 22 Jun 2027, 09:00 and closes 20 Jul 2027, 09:00, with no capacity. Logged in as Daniel Tan. | G25: Event: SPM33 Registration Not Needed (Planning) | Registration: enabled, capacity not set | H25: 1. Click 'All Events' in the sidebar and open 'SPM33 Registration Not Needed' 2. Click the 'Readiness' tab 3. Click 'Mark as not required' in the 'Registration setup' item 4. Click the 'Overview' tab | I25: Step 2: '2 arrangements still block confirmation' is shown. 'Orchard Gallery' is 'Complete'. The Equipment section says 'No equipment has been recorded for this event.' 'Registration setup' is 'Outstanding': 'Registration setup is incomplete (still needed: registration capacity).', with 'Mark as not required'. 'Operational Safety Check' is 'Outstanding' (Not submitted). Step 3: 'Registration setup' shows 'Not required' and 'Marked as not required by Daniel Tan on' today's date and time, and its button reads 'Mark as required'. The message changes to '1 arrangement still blocks confirmation' (the safety check). Step 4: The status badge still reads 'Planning'. The Registration card still shows Registration 'Enabled', Capacity '—', Opens '22 Jun 2027, 09:00' and Closes '20 Jul 2027, 09:00': the settings were not changed.
A26: SPM-34 Confirm Event - run npm run fixtures:spm34 before its first case
A27: 18 | B27: SPM-34-TC01-R | C27: An event whose arrangements are all complete can be confirmed | D27: AC1, AC5 | E27: Positive | F27: Rewritten: the story's SPM-34-TC01 is out of date (SPM-86, SPM-87, SPM-88). Run before SPM-34-TC02-R, which continues from this case. Run npm run fixtures:spm34 before this case. 'SPM34 Ready To Confirm' is in Planning, assigned to Daniel Tan, with an approved booking at Orchard Seminar Room and Handheld Wireless Mic (Reserved). Logged in as Daniel Tan. SPM-34-TC02 and SPM-34-TC03 read the result, so go straight to them and run npm run fixtures:spm34 after SPM-34-TC03. | G27: Event: SPM34 Ready To Confirm (Planning) | Safety Officer: Hana Yusof | H27: 1. Click 'All Events' in the sidebar and open 'SPM34 Ready To Confirm' 2. Click 'Submit for safety check' 3. Click 'Submit' in the dialog 4. Log out, then log in as hana.yusof@connectsphere.com / password123 5. Click 'Safety Checks' in the sidebar and open 'SPM34 Ready To Confirm' 6. Click 'Record safety decision', choose 'Approve' and click 'Record decision' 7. Log out, then log in as daniel.tan@connectsphere.com / password123 8. Click 'All Events' in the sidebar and open 'SPM34 Ready To Confirm' 9. Click 'Confirm event' 10. Click 'Confirm event' in the dialog | I27: Step 1: The status badge reads 'Planning', with 'Submit for safety check' and 'Confirm event' in the header. Step 2: A dialog 'Submit for safety check?' reads 'SPM34 Ready To Confirm will move to Safety review and the Safety Officer will be notified. Anything still outstanding or flagged for review will be listed instead.' Step 3: 'The event has been submitted for a safety check. The Safety Officer has been notified.' is shown and the status badge reads 'Safety review'. Step 6: 'Safety check approved. The coordinator has been notified.' is shown and the status badge reads 'Safety approved'. Step 8: The status badge reads 'Safety approved' and the 'Confirm event' button is shown. Step 9: A dialog 'Confirm this event?' reads 'SPM34 Ready To Confirm will be marked Confirmed, and the organiser will be able to see the venue and equipment arranged for it. Anything still outstanding will be listed instead.' Step 10: 'The event is confirmed. The organiser can now see the arrangements.' is shown and the status badge reads 'Confirmed'.
A28: 19 | B28: SPM-34-TC02-R | C28: The venue and equipment stay attached to the event after it is confirmed | D28: AC6 | E28: Positive | F28: Rewritten: the story's SPM-34-TC02 is out of date (SPM-88). Run straight after SPM-34-TC01-R - do not reset the fixtures in between. Run before SPM-34-TC03-R, which continues from this case. SPM-34-TC01 has just been run ('SPM34 Ready To Confirm' is Confirmed) and the fixtures have NOT been reset since. Logged in as Daniel Tan, on the event. | G28: Event: SPM34 Ready To Confirm, now Confirmed | H28: 1. Click the 'Venue' tab 2. Click the event's 'Equipment' tab (not 'Equipment' in the sidebar) | I28: Step 1: Under 'Booking requests', 'Orchard Seminar Room (ORC-SEM)' is still listed with '10 May 2027, 09:00–15:00 · Theatre' and the badge 'Approved'. Step 2: Under 'Requested items', 'Handheld Wireless Mic' is still listed with 'Reserved' and '2 reserved'.
A29: 20 | B29: SPM-34-TC03-R | C29: The Organiser can see the confirmed event and its arrangements | D29: AC7, AC5 | E29: Positive | F29: Rewritten: the story's SPM-34-TC03 is out of date (SPM-88). Run straight after SPM-34-TC02-R - do not reset the fixtures in between. SPM-34-TC02 has just been run and the fixtures have NOT been reset since. Run npm run fixtures:spm34 after this case. | G29: Account: rachel.ng@meridianfina.com (Event Organiser) | Event: SPM34 Ready To Confirm, Confirmed | H29: 1. Log out, then log in as rachel.ng@meridianfina.com / password123 2. Click 'My Events' in the sidebar 3. Click 'SPM34 Ready To Confirm' in the list | I29: Step 2: 'SPM34 Ready To Confirm' is listed with '10 May 2027, 09:00–15:00', 40 and the status 'Confirmed'. Step 3: The event shows STATUS 'Confirmed' and VENUE 'Orchard Seminar Room (ORC-SEM)'. There is no 'Confirm event' or 'Submit for safety check' button.
A30: 21 | B30: SPM-34-TC04-R | C30: An event that needs no equipment confirms on its venue alone | D30: AC2, AC1 | E30: Positive | F30: Rewritten: the story's SPM-34-TC04 is out of date (SPM-86, SPM-87, SPM-88). Run npm run fixtures:spm34 before and after this case. 'SPM34 Venue Only' is in Planning, assigned to Daniel Tan, with an approved booking at Orchard Seminar Room and no equipment requirements. Logged in as Daniel Tan. | G30: Event: SPM34 Venue Only (Planning) | Equipment: none recorded | H30: 1. Click 'All Events' in the sidebar and open 'SPM34 Venue Only' 2. Click 'Submit for safety check' 3. Click 'Submit' in the dialog 4. Log out, then log in as hana.yusof@connectsphere.com / password123 5. Click 'Safety Checks' in the sidebar and open 'SPM34 Venue Only' 6. Click 'Record safety decision', choose 'Approve' and click 'Record decision' 7. Log out, then log in as daniel.tan@connectsphere.com / password123 8. Click 'All Events' in the sidebar and open 'SPM34 Venue Only' 9. Click 'Confirm event' 10. Click 'Confirm event' in the dialog | I30: Step 2: A dialog 'Submit for safety check?' reads 'SPM34 Venue Only will move to Safety review and the Safety Officer will be notified. Anything still outstanding or flagged for review will be listed instead.' Step 3: 'The event has been submitted for a safety check. The Safety Officer has been notified.' is shown and the status badge reads 'Safety review'. Step 6: 'Safety check approved. The coordinator has been notified.' is shown and the status badge reads 'Safety approved'. Step 8: The status badge reads 'Safety approved' and the 'Confirm event' button is shown. Step 9: A dialog 'Confirm this event?' reads 'SPM34 Venue Only will be marked Confirmed, and the organiser will be able to see the venue and equipment arranged for it. Anything still outstanding will be listed instead.' Step 10: 'The event is confirmed. The organiser can now see the arrangements.' is shown and the status badge reads 'Confirmed'.
A31: SPM-94 Limit Who Sees a Request's Review Outcome - run npm run fixtures:spm94 before its first case
A32: 22 | B32: SPM-94-TC01 | C32: The Event Organiser who raised a rejected request sees its rejection reason | D32: AC1 | E32: Positive | F32: npm run fixtures:spm94 has been run (it recreates the SPM94 events without reseeding). Logged out. | G32: Event Organiser (owner): rachel.ng@meridianfina.com Password: password123 Event: SPM94 Meridian Rejected Gala (Rejected, organiser Rachel Ng, coordinator Daniel Tan) Rejection reason: The requested ballroom is closed for renovation in November 2027. | H32: 1. Log in as rachel.ng@meridianfina.com with password123 2. Click 'My Events' in the sidebar 3. Choose 'Rejected' in 'Filter by status' 4. Click the 'SPM94 Meridian Rejected Gala' row | I32: Step 2: The My events list opens. Step 3: SPM94 Meridian Rejected Gala is listed with the status 'Rejected'. Step 4: The event page opens with the status 'Rejected', and an error box titled 'This request was rejected' shows the reason 'The requested ballroom is closed for renovation in November 2027.'
A33: SPM-36 Mark Event as Completed - run npm run fixtures:spm36 before its first case
A34: 23 | B34: SPM-36-TC01 | C34: The assigned Event Coordinator marks a Confirmed event that ended yesterday as completed, and it shows as Completed | D34: AC1, AC3 | E34: Positive | F34: THIS RUN: SPM-36-TC03 is not selected. Skip it, and run the fixture script once the selected cases that follow on from this one are done. Run npm run fixtures:spm36 just before this case. 'SPM36 Harbour Awards Night' is Confirmed, organised by Rachel Ng (Meridian Financial Group), coordinator Daniel Tan, and ended yesterday evening (19:00-22:00) - the script sets it to yesterday on every run. It has an approved booking for Orchard Gallery (ORC-GAL) and two reserved equipment lines. Logged in as Daniel Tan (daniel.tan@connectsphere.com / password123). Go straight on to SPM-36-TC02 and SPM-36-TC03, then run npm run fixtures:spm36 again. | G34: Event: SPM36 Harbour Awards Night | Coordinator: Daniel Tan | H34: 1. Click 'All Events' in the sidebar and open 'SPM36 Harbour Awards Night' 2. Click 'Mark as completed' 3. Click 'Mark as completed' in the dialog 4. Click 'All Events' in the sidebar | I34: Step 1: The event's Overview shows the status 'Confirmed' and a 'Mark as completed' button. Step 2: A dialog 'Mark this event as completed?' appears, saying 'SPM36 Harbour Awards Night will be marked Completed. Its venue and equipment stay on record, and its status can't be changed after this.', with 'Mark as completed' and 'Not yet'. Step 3: The dialog closes, the message 'SPM36 Harbour Awards Night has been marked as completed.' appears, the status changes to 'Completed', the 'Mark as completed' button is gone, and the Venue row still reads 'Orchard Gallery (ORC-GAL)'. Step 4: 'SPM36 Harbour Awards Night' is listed with the status 'Completed'.
A35: 24 | B35: SPM-36-TC02 | C35: The Event Organiser can view a completed event with its venue and equipment still on record | D35: AC4, AC3 | E35: Positive | F35: SPM-36-TC01 has just been run ('SPM36 Harbour Awards Night' is Completed). Logged in as Rachel Ng (rachel.ng@meridianfina.com / password123), the organiser. | G35: Organiser: Rachel Ng | Event: SPM36 Harbour Awards Night | H35: 1. Click 'My Events' in the sidebar 2. Open 'SPM36 Harbour Awards Night' 3. Click the 'Equipment' tab | I35: Step 1: 'SPM36 Harbour Awards Night' is listed with the status 'Completed'. Step 2: The Overview shows the status 'Completed', the coordinator Daniel Tan, and the Venue row 'Orchard Gallery (ORC-GAL)'. There is no 'Request a change' button. Step 3: Both equipment lines are still listed - Handheld Wireless Mic, quantity 2, and Audio Mixing Desk, quantity 1, each with the status 'Reserved' - and none of them can be edited.
A36: 25 | B36: SPM-36-TC06 | C36: A Confirmed event 7 days past its end is completed automatically, while one that was never confirmed is left alone | D36: AC6, AC2, AC3 | E36: Positive | F36: Run npm run fixtures:spm36 just before this case. It recreates 'SPM36 Forgotten Trade Expo' as Confirmed, although it ended on 1 Oct 2026 at 17:00 - more than 7 days ago - with an approved booking for Marina Auditorium (MAR-AUD). 'SPM36 Overdue Planning Forum' is in Planning and ended on 5 Oct 2026. Logged in as Daniel Tan (daniel.tan@connectsphere.com / password123). | G36: Auto-completed: SPM36 Forgotten Trade Expo (ended 1 Oct 2026) | Left alone: SPM36 Overdue Planning Forum (Planning) | H36: 1. Click 'All Events' in the sidebar 2. Open 'SPM36 Forgotten Trade Expo' 3. Click 'All Events' in the sidebar and open 'SPM36 Overdue Planning Forum' | I36: Step 1: 'SPM36 Forgotten Trade Expo' is listed with the status 'Completed', without anyone having marked it. Step 2: The Overview shows the status 'Completed', no 'Mark as completed' button, and the Venue row still reads 'Marina Auditorium (MAR-AUD)'. Step 3: The status is still 'Planning'.
A37: SPM-37 Cancel Event - run npm run fixtures:spm37 before its first case
A38: 26 | B38: SPM-37-TC01 | C38: The assigned Coordinator cancels a Planning event with a reason, which releases its approved booking, withdraws its pending request at a second venue and releases its equipment | D38: AC1, AC3, AC4, AC8 | E38: Positive | F38: READ FIRST: A closed-event message now reads 'completed, cancelled, rejected or withdrawn' instead of 'completed, cancelled or rejected' (SPM-59). The rest of this case is unchanged. THIS RUN: SPM-37-TC02 is not selected. Skip it, and run the fixture script once the selected cases that follow on from this one are done. Run `npm run fixtures:spm37` before this case. Do not run it again afterwards: go straight on to SPM-37-TC02, and reset after that one. 'SPM37 Harbour Summit' (2 Nov 2027, 09:00–12:00) is in Planning, coordinated by Daniel Tan. It has an Approved booking for SPM37 Hall, a Pending request for SPM37 Studio, 2 × SPM37 Projector Reserved and 1 × SPM37 Lectern Mic Requested. Registration is off. Logged out. | G38: Coordinator: Daniel Tan Event: SPM37 Harbour Summit | When: 2 Nov 2027, 09:00–12:00 Bookings: SPM37 Hall (SPM37-HAL), Approved | SPM37 Studio (SPM37-STU), Pending Equipment: 2 × SPM37 Projector, Reserved | 1 × SPM37 Lectern Mic, Requested Reason: The client has called off the summit after losing its keynote sponsor. | H38: 1. Log in as daniel.tan@connectsphere.com / password123 2. Click 'All Events' in the sidebar and open 'SPM37 Harbour Summit' 3. Click 'Cancel event' 4. Type the reason in 'Reason (optional)' 5. Click 'Cancel event' in the dialog 6. Click the 'Venue' tab 7. Click the 'Equipment' tab | I38: Step 2: The Overview shows the 'Planning' badge, and the header has a 'Cancel event' button. Step 3: A dialog 'Cancel this event?' reads 'SPM37 Harbour Summit will be marked Cancelled. This can't be undone.' Under 'Cancelling will:' it lists, in this order: 'Release SPM37 Hall (SPM37-HAL) on 2 Nov 2027, 09:00–12:00', 'Withdraw the request for SPM37 Studio (SPM37-STU) on 2 Nov 2027, 09:00–12:00', 'Release 2 × SPM37 Projector' and 'Cancel the request for 1 × SPM37 Lectern Mic'. It has an empty 'Reason (optional)' box and the buttons 'Cancel event' and 'Keep event'. Step 5: The dialog closes. A green alert reads 'The event has been cancelled. Its venue bookings and equipment have been released.' The badge reads 'Cancelled'. A red alert 'This event was cancelled' reads 'The client has called off the summit after losing its keynote sponsor.' The header no longer has 'Cancel event'. Step 6: The 'Booking requests' card lists 'SPM37 Hall (SPM37-HAL)' with a grey 'Released' badge and the line 'Reason for release: Event cancelled: The client has called off the summit after losing its keynote sponsor.', and 'SPM37 Studio (SPM37-STU)' with a grey 'Withdrawn' badge and the line 'Reason for withdrawal: Event cancelled: The client has called off the summit after losing its keynote sponsor.' Neither row has a 'Release booking' or 'Withdraw request' button. A blue alert reads 'A venue cannot be requested for a completed, cancelled or rejected event.' Step 7: A blue alert reads 'This event is cancelled — equipment requirements can no longer be changed.' The 'SPM37 Projector' and 'SPM37 Lectern Mic' lines both have the 'Cancelled' badge.
A39: 27 | B39: SPM-37-TC04 | C39: Cancelling an event in Safety review closes its pending safety check, so the Safety Officer no longer sees it to review | D39: AC6, AC1 | E39: Positive | F39: Run `npm run fixtures:spm37` before this case, and again after it. 'SPM37 Safety Pending' (18 Nov 2027, 09:00–12:00, Daniel Tan) is in Safety review, with an Approved booking for SPM37 Hall and a pending Operational Safety Check that Daniel Tan submitted. Logged out. | G39: Safety Officer: Hana Yusof | Coordinator: Daniel Tan Event: SPM37 Safety Pending | When: 18 Nov 2027, 09:00–12:00 | Status: Safety review | H39: 1. Log in as hana.yusof@connectsphere.com / password123 2. Click 'Safety Checks' in the sidebar 3. Log out 4. Log in as daniel.tan@connectsphere.com / password123 5. Click 'All Events' in the sidebar and open 'SPM37 Safety Pending' 6. Click 'Cancel event' 7. Click 'Cancel event' in the dialog 8. Log out 9. Log in as hana.yusof@connectsphere.com / password123 10. Click 'Safety Checks' in the sidebar 11. Click 'All Events' in the sidebar and open 'SPM37 Safety Pending' | I39: Step 2: 'SPM37 Safety Pending' is listed, submitted by Daniel Tan. Step 5: The badge reads 'Safety review'. Step 6: The dialog 'Cancel this event?' lists 'Release SPM37 Hall (SPM37-HAL) on 18 Nov 2027, 09:00–12:00' and 'Close the pending safety check'. Step 7: The badge reads 'Cancelled'. Step 10: 'SPM37 Safety Pending' is not listed. Step 11: The Overview shows the 'Cancelled' badge, and the header has no 'Record safety decision' button.
A40: 28 | B40: SPM-37-TC05 | C40: Cancelling an event closes its pending change request without applying the date it proposed | D40: AC5 | E40: Positive | F40: Run `npm run fixtures:spm37` before this case, and again after it. 'SPM37 Change Pending' (23 Nov 2027, 09:00–12:00, Confirmed, Daniel Tan; organiser Rachel Ng) has one pending change request from Rachel Ng that proposes moving it to 30 Nov 2027, 09:00–12:00. No screen lists change requests yet (SPM-35 and SPM-32), so the fixture creates it. Logged out. | G40: Coordinator: Daniel Tan | Organiser: Rachel Ng Event: SPM37 Change Pending | When: 23 Nov 2027, 09:00–12:00 Pending change request: move to 30 Nov 2027, 09:00–12:00 | H40: 1. Log in as daniel.tan@connectsphere.com / password123 2. Click 'All Events' in the sidebar and open 'SPM37 Change Pending' 3. Click 'Cancel event' 4. Click 'Cancel event' in the dialog 5. Log out 6. Log in as rachel.ng@meridianfina.com / password123 7. Click 'My Events' in the sidebar and open 'SPM37 Change Pending' | I40: Step 2: The badge reads 'Confirmed', and the 'When' row reads '23 Nov 2027, 09:00–12:00'. Step 3: The dialog 'Cancel this event?' lists 'Close 1 pending change request'. Step 4: The badge reads 'Cancelled'. The 'When' row still reads '23 Nov 2027, 09:00–12:00'. Step 7: The organiser sees the 'Cancelled' badge, and the 'When' row reads '23 Nov 2027, 09:00–12:00'.
A41: 29 | B41: SPM-37-TC06 | C41: Cancelling a Confirmed event with open registration takes it off Browse Events, and a registered attendee keeps the registration, can no longer withdraw, and can open the event to see why it was cancelled | D41: AC7, AC8 | E41: Positive | F41: Run `npm run fixtures:spm37` before this case, and again after it. 'SPM37 Open Workshop' (25 Nov 2027, 09:00–12:00, Confirmed, Daniel Tan) has registration on, 40 places, open from 1 Oct 2026, 09:00 to 24 Nov 2027, 17:00. Lee Wei Ming is registered; nobody is on the waiting list. Anita Devi is not registered. Logged out. | G41: Attendees: Anita Devi (not registered), Lee Wei Ming (registered) | Coordinator: Daniel Tan Event: SPM37 Open Workshop | When: 25 Nov 2027, 09:00–12:00 Registration: 40 places, open 1 Oct 2026, 09:00 – 24 Nov 2027, 17:00 Reason: The trainer is unavailable and no replacement could be found. | H41: 1. Log in as anita.devi@example.com / password123 2. Click 'Browse Events' in the sidebar 3. Log out 4. Log in as lee.wei.ming@example.com / password123 5. Click 'My Registrations' in the sidebar 6. Log out 7. Log in as daniel.tan@connectsphere.com / password123 8. Click 'All Events' in the sidebar and open 'SPM37 Open Workshop' 9. Click 'Cancel event' 10. Type the reason in 'Reason (optional)' 11. Click 'Cancel event' in the dialog 12. Log out 13. Log in as anita.devi@example.com / password123 14. Click 'Browse Events' in the sidebar 15. Log out 16. Log in as lee.wei.ming@example.com / password123 17. Click 'My Registrations' in the sidebar 18. Click the 'SPM37 Open Workshop' row | I41: Step 2: 'SPM37 Open Workshop' is listed with the 'Open' badge. Step 5: The 'SPM37 Open Workshop' row has the 'Registered' badge and a 'Withdraw' button. Step 9: The dialog 'Cancel this event?' lists 'Close registration: 1 registered, 0 on the waiting list'. Step 11: The badge reads 'Cancelled'. Step 14: 'SPM37 Open Workshop' is not listed. Step 17: The 'SPM37 Open Workshop' row is still listed with the 'Registered' badge, and it has no 'Withdraw' button. Step 18: The event opens with the 'Cancelled' badge. A red alert 'This event was cancelled' reads 'The trainer is unavailable and no replacement could be found.' There is no 'Register' or 'Withdraw' button.
A42: SPM-38 Postpone Event - run npm run fixtures:spm38 before its first case
A43: 30 | B43: SPM-38-TC01 | C43: The assigned Coordinator postpones a Planning event with a reason, which releases its approved booking, withdraws its pending request at a second venue and releases its equipment, and keeps the event | D43: AC1, AC3, AC5 | E43: Positive | F43: THIS RUN: SPM-38-TC02 is not selected. Skip it, and run the fixture script once the selected cases that follow on from this one are done. Run `npm run fixtures:spm38` before this case. Do not run it again afterwards: go straight on to SPM-38-TC02, and reset after that one. 'SPM38 Lantern Gala' (12 Jan 2028, 09:00–12:00) is in Planning, coordinated by Daniel Tan. It has an Approved booking for SPM38 Hall, a Pending request for SPM38 Studio, 2 × SPM38 Projector Reserved and 1 × SPM38 Lectern Mic Requested. Registration is off. Logged out. | G43: Coordinator: Daniel Tan Event: SPM38 Lantern Gala | When: 12 Jan 2028, 09:00–12:00 Bookings: SPM38 Hall (SPM38-HAL), Approved | SPM38 Studio (SPM38-STU), Pending Equipment: 2 × SPM38 Projector, Reserved | 1 × SPM38 Lectern Mic, Requested Reason: The client is waiting on board approval before choosing a new date. | H43: 1. Log in as daniel.tan@connectsphere.com / password123 2. Click 'All Events' in the sidebar and open 'SPM38 Lantern Gala' 3. Click 'Postpone event' 4. Type the reason in 'Reason (optional)' 5. Click 'Postpone event' in the dialog 6. Click the 'Venue' tab 7. Click the 'Equipment' tab | I43: Step 2: The Overview shows the 'Planning' badge, and the header has 'Postpone event' and 'Cancel event' buttons. Step 3: A dialog 'Postpone this event?' reads 'SPM38 Lantern Gala will be marked Postponed. Its new date is set later, through a change request.' Under 'Postponing will:' it lists, in this order: 'Release SPM38 Hall (SPM38-HAL) on 12 Jan 2028, 09:00–12:00', 'Withdraw the request for SPM38 Studio (SPM38-STU) on 12 Jan 2028, 09:00–12:00', 'Release 2 × SPM38 Projector' and 'Cancel the request for 1 × SPM38 Lectern Mic'. It has an empty 'Reason (optional)' box and the buttons 'Postpone event' and 'Keep event'. Step 5: The dialog closes. A green alert reads 'The event has been postponed. Its venue bookings and equipment have been released.' The badge reads 'Postponed'. An amber alert 'This event is postponed' reads 'The client is waiting on board approval before choosing a new date.' The 'When' row still reads '12 Jan 2028, 09:00–12:00'. The header no longer has 'Postpone event', and still has 'Cancel event'. Step 6: The 'Booking requests' card lists 'SPM38 Hall (SPM38-HAL)' with a grey 'Released' badge and the line 'Reason for release: Event postponed: The client is waiting on board approval before choosing a new date.', and 'SPM38 Studio (SPM38-STU)' with a grey 'Withdrawn' badge and the line 'Reason for withdrawal: Event postponed: The client is waiting on board approval before choosing a new date.' Neither row has a 'Release booking' or 'Withdraw request' button. A blue alert reads 'A venue cannot be requested while the event is postponed. Its new date comes through a change request first.' Step 7: A blue alert reads 'This event is postponed — equipment requirements can't be changed until it has a new date.' The 'SPM38 Projector' and 'SPM38 Lectern Mic' lines both have the 'Cancelled' badge.
A44: 31 | B44: SPM-38-TC06 | C44: Postponing an event approves the organiser's pending postponement request, and leaves their pending change of details for the Coordinator to decide | D44: AC2, AC1 | E44: Positive | F44: Run `npm run fixtures:spm38` before this case, and again after it. 'SPM38 Client Asks' (28 Jan 2028, 09:00–12:00, Confirmed, Daniel Tan; organiser Rachel Ng) has two pending change requests from Rachel Ng: a Postponement with the reason 'Our keynote speaker has withdrawn; we will confirm a new date once we have a replacement.', and a Change of details proposing an expected attendance of 45 instead of 30. Logged out. | G44: Coordinator: Daniel Tan | Organiser: Rachel Ng Event: SPM38 Client Asks | When: 28 Jan 2028, 09:00–12:00 | Status: Confirmed Pending: Postponement | Change of details (Expected attendance 30 → 45) Reason: Postponed at the client's request: the keynote speaker has withdrawn. | H44: 1. Log in as daniel.tan@connectsphere.com / password123 2. Click 'All Events' in the sidebar and open 'SPM38 Client Asks' 3. Click 'Postpone event' 4. Type the reason in 'Reason (optional)' 5. Click 'Postpone event' in the dialog 6. Log out 7. Log in as rachel.ng@meridianfina.com / password123 8. Click 'My Events' in the sidebar and open 'SPM38 Client Asks' | I44: Step 2: The badge reads 'Confirmed'. The 'Change requests' card lists a 'Postponement' and a 'Change of details', both with the 'Pending' badge. Step 3: The dialog 'Postpone this event?' lists 'Approve 1 postponement request'. It has no line about the change of details. Step 5: The badge reads 'Postponed'. In the 'Change requests' card the 'Postponement' has the 'Approved' badge, and the 'Change of details' still has the 'Pending' badge with 'Expected attendance' proposed as 45. Step 8: The organiser sees the 'Postponed' badge and the amber alert 'This event is postponed' reading 'Postponed at the client's request: the keynote speaker has withdrawn.' The 'Change requests' card shows the 'Postponement' as 'Approved' and the 'Change of details' as 'Pending'.
A45: 32 | B45: SPM-38-TC07 | C45: Postponing a Confirmed event with open registration takes it off Browse Events, and a registered attendee keeps the registration and can open the event to see that it is postponed and why | D45: AC8, AC5 | E45: Positive | F45: Run `npm run fixtures:spm38` before this case, and again after it. 'SPM38 Open Workshop' (2 Feb 2028, 09:00–12:00, Confirmed, Daniel Tan) has registration on, 40 places, open from 1 Oct 2026, 09:00 to 1 Feb 2028, 17:00. Lee Wei Ming is registered; nobody is on the waiting list. Anita Devi is not registered. Logged out. | G45: Attendees: Anita Devi (not registered), Lee Wei Ming (registered) | Coordinator: Daniel Tan Event: SPM38 Open Workshop | When: 2 Feb 2028, 09:00–12:00 Registration: 40 places, open 1 Oct 2026, 09:00 – 1 Feb 2028, 17:00 Reason: The trainer is unwell; a new date will follow. | H45: 1. Log in as anita.devi@example.com / password123 2. Click 'Browse Events' in the sidebar 3. Log out 4. Log in as lee.wei.ming@example.com / password123 5. Click 'My Registrations' in the sidebar 6. Log out 7. Log in as daniel.tan@connectsphere.com / password123 8. Click 'All Events' in the sidebar and open 'SPM38 Open Workshop' 9. Click 'Postpone event' 10. Type the reason in 'Reason (optional)' 11. Click 'Postpone event' in the dialog 12. Log out 13. Log in as anita.devi@example.com / password123 14. Click 'Browse Events' in the sidebar 15. Log out 16. Log in as lee.wei.ming@example.com / password123 17. Click 'My Registrations' in the sidebar 18. Click the 'SPM38 Open Workshop' row | I45: Step 2: 'SPM38 Open Workshop' is listed with the 'Open' badge. Step 5: The 'SPM38 Open Workshop' row has the 'Registered' badge and a 'Withdraw' button. Step 9: The dialog 'Postpone this event?' lists 'Pause registration until the event is confirmed again: 1 registered, 0 on the waiting list'. Step 11: The badge reads 'Postponed'. Step 14: 'SPM38 Open Workshop' is not listed. Step 17: The 'SPM38 Open Workshop' row is still listed with the 'Registered' badge and a 'Withdraw' button. Step 18: The event opens with the 'Postponed' badge. An amber alert 'This event is postponed' reads 'The trainer is unwell; a new date will follow.' There is no 'Register' button.
A46: 33 | B46: SPM-38-TC12 | C46: The Organiser asks for a new date for a postponed event through Request a change, and the event stays Postponed until the Coordinator processes it | D46: AC6 | E46: Positive | F46: Run `npm run fixtures:spm38` before this case. Do not run it again afterwards: go straight on to SPM-38-TC13, and reset after that one. 'SPM38 New Date Wanted' (23 Feb 2028, 09:00–12:00, Daniel Tan; organiser Rachel Ng) is Postponed with the reason 'Venue renovation at the client's office.' It has no venue booking, no equipment and no change requests. Logged out. | G46: Organiser: Rachel Ng | Coordinator: Daniel Tan Event: SPM38 New Date Wanted | When: 23 Feb 2028, 09:00–12:00 | Status: Postponed New date: Starts at 15 Mar 2028, 09:00 | Ends at 15 Mar 2028, 12:00 Reason for the change: The renovation finishes in early March; please reschedule to 15 March. | H46: 1. Log in as rachel.ng@meridianfina.com / password123 2. Click 'My Events' in the sidebar and open 'SPM38 New Date Wanted' 3. Click 'Request a change' 4. Choose 'Change the event's details' under 'What do you need?' 5. Set 'Starts at' to 15 Mar 2028, 09:00 and 'Ends at' to 15 Mar 2028, 12:00 6. Type the reason in 'Reason for the change' 7. Click 'Send change request' 8. Click 'Back to event' 9. Log out 10. Log in as daniel.tan@connectsphere.com / password123 11. Click 'Change Requests' in the sidebar | I46: Step 2: The badge reads 'Postponed', and the header has a 'Request a change' button. Step 3: The 'Request a change' page opens with 'What do you need?' offering 'Change the event's details', 'Postpone the event' and 'Cancel the event'. Step 7: A green alert 'Change request sent to your coordinator.' reads 'Nothing about the event changes until your coordinator processes the request.' Step 8: The badge still reads 'Postponed', and the 'When' row still reads '23 Feb 2028, 09:00–12:00'. The 'Change requests' card lists a 'Change of details' with the 'Pending' badge, proposing 'Starts at' 15 Mar 2028, 09:00 and 'Ends at' 15 Mar 2028, 12:00. Step 11: The request for 'SPM38 New Date Wanted' is listed as a 'Change of details' with the 'Pending' badge, requested by Rachel Ng.
A47: 34 | B47: SPM-38-TC13 | C47: Approving a new date for a postponed event moves it to Approved, its safety check must be submitted again, and the Coordinator's first venue request begins planning again | D47: AC7, AC4 | E47: Positive | F47: SPM-38-TC12 has just been run ('SPM38 New Date Wanted' is Postponed, with Rachel Ng's pending Change of details to 15 Mar 2028, 09:00–12:00). Still logged in as Daniel Tan, on the Change Requests page. Run `npm run fixtures:spm38` after this case. | G47: Coordinator: Daniel Tan Event: SPM38 New Date Wanted | Old date: 23 Feb 2028, 09:00–12:00 | New date: 15 Mar 2028, 09:00–12:00 Venue: SPM38 Hall (SPM38-HAL) | H47: 1. Click 'Review' on the request for 'SPM38 New Date Wanted' 2. Click 'Approve all' 3. Click 'Save decision' 4. Click 'All Events' in the sidebar and open 'SPM38 New Date Wanted' 5. Click the 'Readiness' tab 6. Click the 'Venue' tab 7. Click 'Request booking' on 'SPM38 Hall (SPM38-HAL)' 8. Click 'Submit request' 9. Click 'Continue' in the dialog 10. Click 'All Events' in the sidebar and open 'SPM38 New Date Wanted' | I47: Step 1: The 'Review change request' page opens. A blue alert reads 'This event is Postponed. Approving its new date moves it to Approved, ready for planning again.' Step 3: A green alert 'Change request processed.' reads 'The event has moved from Postponed to Approved.' Step 4: The badge reads 'Approved', the 'When' row reads '15 Mar 2028, 09:00–12:00', and the amber 'This event is postponed' alert is gone. The header has a 'Postpone event' button. Step 5: Under 'Safety check', 'Safety check status' has the 'Not submitted' badge. Step 6: The Venue tab has no 'postponed' alert, and 'SPM38 Hall (SPM38-HAL)' has a 'Request booking' button. Step 7: The 'Request a venue booking' form opens for SPM38 Hall, with 'Date' 15 Mar 2028, 'Start time' 09:00 and 'End time' 12:00. Step 8: A dialog 'Begin planning?' reads 'This is the first venue or equipment action for this event, so it will move from Approved to Planning.' Step 9: A green alert reads 'Booking request sent to Venue Staff.' Step 10: The badge reads 'Planning'.
A48: SPM-66 Join and Respond to Waiting List - run npm run fixtures:spm66 before its first case
A49: 35 | B49: SPM-66-TC01 | C49: An Attendee viewing a full event with registration open joins its waiting list instead of registering, and is told their position | D49: AC1, AC3 | E49: Positive | F49: Run npm run fixtures:spm66 just before this case, and again after it (it joins the list). 'SPM66 Harbour Summit' (8 Nov 2027) has 2 places, both taken (Uma Pillay, Tomas Reyes), registration open until 31 Oct 2027, and 2 attendees waiting: Hana Quek (1st) and Ravi Nathan (2nd). Siew Ling Goh holds no registration for it. | G49: Attendee: Siew Ling Goh | Event: SPM66 Harbour Summit (2 of 2 places taken, 2 waiting) | Dietary requirements: Vegetarian | H49: 1. Log in as siew.ling.goh@example.com / password123 (Siew Ling Goh, an Attendee) 2. Click 'Browse Events' in the sidebar and open 'SPM66 Harbour Summit' 3. Type 'Vegetarian' in 'Dietary requirements' 4. Click 'Join waiting list' 5. Click 'My Registrations' in the sidebar | I49: Step 2: The 'Your registration' card shows 'Dietary requirements' and 'Accessibility requirements', then 'This event is full. You can join the waiting list instead.' and a 'Join waiting list' button. There is no 'Register' button. Step 4: 'You're on the waiting list.' appears, and the card now shows the badge 'Waiting list', 'You're number 3 on the waiting list.' and a 'Leave waiting list' button. Step 5: 'SPM66 Harbour Summit' is listed with the status 'Waiting list' and 'Number 3 in the queue'.
A50: 36 | B50: SPM-66-TC03 | C50: An Attendee sees their position on the waiting list, and when the one ahead leaves the list everyone behind moves up | D50: AC3, AC4 | E50: Positive | F50: Run npm run fixtures:spm66 just before this case, and again after it (Hana leaves the list). On 'SPM66 Harbour Summit', Hana Quek is 1st and Ravi Nathan 2nd on the waiting list. | G50: Event: SPM66 Harbour Summit | Leaving: Hana Quek (1st) | Behind her: Ravi Nathan (2nd) | H50: 1. Log in as ravi.nathan@example.com / password123 (Ravi Nathan, an Attendee) 2. Click 'My Registrations' in the sidebar 3. Log out, then log in as hana.quek@example.com / password123 (Hana Quek, an Attendee) 4. Click 'My Registrations' in the sidebar and click the 'SPM66 Harbour Summit' row 5. Click 'Leave waiting list' 6. Click 'Leave waiting list' in the dialog 7. Log out, then log in as ravi.nathan@example.com / password123 8. Click 'My Registrations' in the sidebar | I50: Step 2: 'SPM66 Harbour Summit' shows the status 'Waiting list' and 'Number 2 in the queue'. Step 4: The card says 'You're number 1 on the waiting list.' Step 5: A dialog 'Leave the waiting list for SPM66 Harbour Summit?' says 'You lose your place in the queue. To wait again, you would join at the back of the list.', with 'Leave waiting list' and 'Stay on the list'. Step 6: 'You have left the waiting list.' appears, and the card offers 'Join waiting list' again. Step 8: 'SPM66 Harbour Summit' now shows 'Number 1 in the queue'.
A51: 37 | B51: SPM-66-TC04 | C51: An Attendee offered a place accepts it within 3 days, and is registered and off the waiting list | D51: AC6, AC5 | E51: Positive | F51: Run npm run fixtures:spm66 just before this case, and again after it (Hana accepts). On 'SPM66 Offer Gala', a place was offered to Hana Quek an hour before the script ran; it can be accepted for 3 days. | G51: Attendee: Hana Quek | Event: SPM66 Offer Gala | Offer: made an hour before the script ran, for 3 days | H51: 1. Log in as hana.quek@example.com / password123 (Hana Quek, an Attendee) 2. Click 'My Registrations' in the sidebar 3. Click the 'SPM66 Offer Gala' row 4. Click 'Accept place' 5. Click 'My Registrations' in the sidebar | I51: Step 2: 'SPM66 Offer Gala' shows the status 'Waiting list' and 'Place offered - accept by <date and time 3 days after the offer>'. Step 3: The card shows 'A place is available for you' and 'Accept it by <the same date and time>. If you don't, it goes to the next person on the waiting list.', with 'Accept place' and 'Decline'. Step 4: 'You're registered for this event.' appears, and the card shows the badge 'Registered', 'You registered on <today>.' and 'Withdraw'. Step 5: 'SPM66 Offer Gala' shows the status 'Registered', with nothing about the queue.
A52: 38 | B52: SPM-66-TC05 | C52: When a registered Attendee withdraws, the place is offered to the first on the waiting list, who is notified, and no other Attendee can register into it | D52: AC5, AC8 | E52: Positive | F52: Run npm run fixtures:spm66 just before this case, and again after it (Uma withdraws). 'SPM66 Withdrawal Forum' has 2 places, both taken (Uma Pillay, Tomas Reyes), with Hana Quek 1st and Ravi Nathan 2nd waiting. | G52: Withdrawing: Uma Pillay | 1st waiting: Hana Quek | 2nd: Ravi Nathan | Newcomer: Siew Ling Goh | H52: 1. Log in as uma.pillay@example.com / password123 (Uma Pillay, an Attendee) 2. Click 'My Registrations' in the sidebar, then 'Withdraw' on the 'SPM66 Withdrawal Forum' row 3. Click 'Withdraw' in the dialog 4. Log out, then log in as hana.quek@example.com / password123 (Hana Quek) 5. Click 'Notifications' in the sidebar 6. Click 'My Registrations' in the sidebar 7. Log out, then log in as siew.ling.goh@example.com / password123 (Siew Ling Goh, not on the list) 8. Click 'Browse Events' in the sidebar and open 'SPM66 Withdrawal Forum' | I52: Step 3: 'You have withdrawn from SPM66 Withdrawal Forum.' appears. Step 5: A notification 'A place is available' says 'A place is available for "SPM66 Withdrawal Forum". Accept it by <date and time 3 days from now>, or it goes to the next person on the waiting list.' Step 6: 'SPM66 Withdrawal Forum' shows 'Place offered - accept by <the same date and time>'. Step 8: Although a place came free, the card says 'This event is full. You can join the waiting list instead.' with 'Join waiting list' - no 'Register' - because the place is under offer to Hana.
A53: 39 | B53: SPM-66-TC07 | C53: An offer not accepted within 3 days ends: the Attendee leaves the list and is told, and the place is offered to the next Attendee | D53: AC7, AC6 | E53: Positive | F53: Run npm run fixtures:spm66 just before this case. On 'SPM66 Lapsed Offer Talk', a place was offered to Hana Quek 3 days and an hour before the script ran, so it ended an hour ago without an answer. Ravi Nathan is 2nd. The app ends it the next time anyone opens a page. Run npm run fixtures:spm66 again after this case. | G53: Lapsed: Hana Quek | Next: Ravi Nathan | Event: SPM66 Lapsed Offer Talk | H53: 1. Log in as ravi.nathan@example.com / password123 (Ravi Nathan, an Attendee) 2. Click 'My Registrations' in the sidebar 3. Click 'Notifications' in the sidebar 4. Log out, then log in as hana.quek@example.com / password123 (Hana Quek) 5. Click 'Notifications' in the sidebar 6. Click 'My Registrations' in the sidebar | I53: Step 2: 'SPM66 Lapsed Offer Talk' shows 'Place offered - accept by <date and time 3 days from now>'. Step 3: A notification 'A place is available' names 'SPM66 Lapsed Offer Talk'. Step 5: A notification 'Your offer has ended' says 'Your offer of a place for "SPM66 Lapsed Offer Talk" has ended because it wasn't accepted in time, and you have left the waiting list.' Step 6: 'SPM66 Lapsed Offer Talk' shows the status 'Withdrawn'.
A54: 40 | B54: SPM-66-TC08 | C54: The assigned Event Coordinator gives the place under offer to a chosen waitlisted Attendee instead; the one it was offered to keeps their position | D54: AC9, AC3 | E54: Positive | F54: Run npm run fixtures:spm66 just before this case, and again after it (the offer moves). 'SPM66 Override Showcase' is Daniel Tan's: a place is under offer to Hana Quek (1st); Ravi Nathan is 2nd and Siew Ling Goh 3rd. | G54: Coordinator: Daniel Tan | Chosen: Siew Ling Goh (3rd) | Offer moved from: Hana Quek (1st) | H54: 1. Log in as daniel.tan@connectsphere.com / password123 (the assigned Event Coordinator) 2. Click 'All Events' in the sidebar, open 'SPM66 Override Showcase' and click the 'Attendees' tab 3. Click 'Offer place' on Siew Ling Goh's row 4. Click 'Offer place' in the dialog 5. Log out, then log in as hana.quek@example.com / password123 (Hana Quek) 6. Click 'Notifications' in the sidebar | I54: Step 2: Hana Quek's row shows 'Waiting list' and 'Place offered until <date and time>'; Ravi Nathan's 'Number 2 in the queue'; Siew Ling Goh's 'Number 3 in the queue'. Ravi's and Siew Ling's rows have 'Offer place'; Hana's and Uma Pillay's do not. Step 3: A dialog 'Offer the place to Siew Ling Goh?' says 'The place now offered to Hana Quek moves to Siew Ling Goh, who has 3 days to accept it. Hana Quek stays on the waiting list in the same position, and both are notified.' Step 4: 'Siew Ling Goh has been offered the place.' appears; Siew Ling Goh's row now shows 'Place offered until <3 days from now>' and Hana Quek's 'Number 1 in the queue'. Step 6: A notification 'Your offer has ended' says 'The coordinator has offered the place for "SPM66 Override Showcase" to someone else. You're still on the waiting list, in the same position.'

Sheet Janelle
A1: Janelle's cases: Venue catalogue, availability, notifications, registration and alternative equipment
A2: Run top to bottom. A blue row starts each story: run its fixture script first (never npx prisma db seed). READ FIRST at the top of Preconditions says what has changed since the case was written. IDs ending in -R were rewritten in the Sprint 3 run and are reused here. Fill in the yellow Result, Date tested and Notes cells.
A4: # | B4: Test case ID | C4: Title | D4: Linked AC | E4: Type | F4: Preconditions | G4: Test data | H4: Steps | I4: Expected results | J4: Result | K4: Date tested | L4: Notes / bug key
A5: SPM-39 Manage Venue Catalogue - no fixture script: uses the base seed data
A6: 1 | B6: SPM-39-TC01 | C6: Venue Staff can create a venue record | D6: AC1 | E6: Positive | F6: Demo data loaded (16 venues). Logged in as Venue Staff: marcus.wong@connectsphere.com / password123 | G6: Code: TEST-01 Name: Test Meeting Room Building: Marina Bay Maximum capacity: 24 | H6: 1. Click 'Venues' in the sidebar 2. Click 'Add venue' 3. Enter the code, name, building and maximum capacity 4. Click 'Add venue' | I6: The Venues list reopens and now shows 17 venues. 'Test Meeting Room' appears with code TEST-01, Location 'Marina Bay', Max capacity 24, Layouts 'None set' in amber, Status 'Active'.
A7: 2 | B7: SPM-39-TC05 | C7: Location, capacity, facilities and accessibility are all recorded and persist | D7: AC2 | E7: Positive | F7: READ FIRST: v2 (2026-10-20): After a save that flags no booking, the venue page now reads 'No bookings were affected, so nobody needed to be notified.' instead of 'No approved bookings were affected, so nobody needed to be notified.' (SPM-80, Week 7 Change #1: changing a venue's setup or turnaround time now re-checks pending requests as well as approved bookings). Read the expected result with the new wording. The behaviour this case checks is unchanged. Venue 'Test Meeting Room' (TEST-01) exists from TC01. Logged in as Venue Staff: marcus.wong@connectsphere.com / password123 | G7: Floor: L2 Address: 10 Marina Boulevard Maximum capacity: 32 Facilities: High-density WiFi, Natural light Accessibility: Hearing induction loop, Step-free access | H7: 1. Click 'Venues' in the sidebar 2. Click the 'Test Meeting Room' row 3. Enter the floor and address 4. Change Maximum capacity 5. Under 'This venue has', tick 'High-density WiFi' and 'Natural light' 6. Under 'Accessibility', tick 'Hearing induction loop' and 'Step-free access' 7. Click 'Save changes' 8. Click 'Back to Venues', then reopen 'Test Meeting Room' | I7: A green message 'Changes saved — No approved bookings were affected.' appears. On reopening, Floor shows 'L2', Address '10 Marina Boulevard', Maximum capacity 32, and all four tick boxes are still ticked. The Venues list shows Location as 'Marina Bay — L2'.
A8: 3 | B8: SPM-39-TC07 | C8: Several layouts are recorded, each with its own capacity | D8: AC3 | E8: Positive | F8: Venue 'Test Meeting Room' (TEST-01) exists with no layouts. Logged in as Venue Staff: marcus.wong@connectsphere.com / password123 | G8: Layout 1 — Boardroom, Seats: 20 Layout 2 — U-shape, Seats: 14 | H8: 1. Open 'Test Meeting Room' from the Venues list 2. Click 'Add a layout' 3. Choose the layout and enter its seats 4. Click 'Add a layout' again 5. Choose the second layout and enter its seats 6. Click 'Save changes' 7. Click 'Back to Venues', then reopen 'Test Meeting Room' | I8: On reopening, both rows are shown: Boardroom with 20 seats and U-shape with 14 seats, each keeping its own value. The Venues list shows Layouts as '2 (max 20 seated)' for this venue.
A9: 4 | B9: SPM-39-TC10 | C9: Opening hours and turnaround times are recorded | D9: AC4 | E9: Positive | F9: Venue 'Test Meeting Room' (TEST-01) exists. Logged in as Venue Staff: marcus.wong@connectsphere.com / password123 | G9: Opens at: 07:00 am Closes at: 11:00 pm Setup minutes: 45 Teardown minutes: 30 | H9: 1. Open 'Test Meeting Room' from the Venues list 2. Set 'Opens at' and 'Closes at' 3. Set 'Setup minutes' and 'Teardown minutes' 4. Click 'Save changes' 5. Click 'Back to Venues', then reopen 'Test Meeting Room' | I9: On reopening, Opens at shows 07:00, Closes at 23:00, Setup minutes 45 and Teardown minutes 30. The Venues list shows Hours as '07:00–23:00' for this venue.
A10: 5 | B10: SPM-39-TC13 | C10: Venue Staff can update an existing venue | D10: AC5 | E10: Positive | F10: READ FIRST: v2 (2026-10-20): After a save that flags no booking, the venue page now reads 'No bookings were affected, so nobody needed to be notified.' instead of 'No approved bookings were affected, so nobody needed to be notified.' (SPM-80, Week 7 Change #1: changing a venue's setup or turnaround time now re-checks pending requests as well as approved bookings). Read the expected result with the new wording. The behaviour this case checks is unchanged. Demo data loaded. Logged in as Venue Staff: marcus.wong@connectsphere.com / password123 | G10: Description: Workshop room with benches, heavy power supply and a new sink | H10: 1. Click 'Venues' in the sidebar 2. Click the 'Orchard Studio' row 3. Change the Description 4. Click 'Save changes' 5. Click 'Back to Venues', then reopen 'Orchard Studio' | I10: A green message 'Changes saved — No approved bookings were affected. No approved bookings were affected, so nobody needed to be notified.' appears at the top of the page. The page stays on the venue rather than navigating away. On reopening, the new description is shown.
A11: 6 | B11: SPM-39-TC15 | C11: A retired venue is no longer offered to a Coordinator | D11: AC6 | E11: Positive | F11: Venue 'Test Meeting Room' (TEST-01) exists, is active and has no bookings. Logged in as Venue Staff: marcus.wong@connectsphere.com / password123 | G11: Reason: Closed for renovation until March | H11: 1. Open 'Test Meeting Room' from the Venues list 2. Click 'Retire venue' 3. Enter a reason in the confirmation dialog 4. Click 'Retire venue' in the dialog 5. Click 'Log out', then log in as daniel.tan@connectsphere.com / password123 6. Click 'Venues' in the sidebar 7. Open the 'Show' filter | I11: For Venue Staff the venue page gains a 'Retired' label, an amber 'This venue is retired' panel, and the button changes to 'Restore venue'. For the Coordinator, 'Test Meeting Room' does not appear in the Venues list at all. The Coordinator's 'Show' filter offers only 'All venues' and 'Active only' — there is no 'Retired only' option.
A12: 7 | B12: SPM-39-TC17 | C12: Reducing a layout below an approved booking's attendance flags that booking | D12: AC7 | E12: Positive | F12: Demo data freshly loaded — no flag can be cleared from the app, so reload the demo data before this test. One-North Seminar Room (ONE-SEM) seats 80 theatre-style and has one approved future booking: 'Tanjong Legal CPD Seminar' on 28 Oct 2026, whose event expects 70 people. Its coordinator is Joel Fernandez. Logged in as Venue Staff: marcus.wong@connectsphere.com / password123 | G12: Theatre seats: change 80 to 60 (the event expects 70) | H12: 1. Open 'One-North Seminar Room' from the Venues list 2. Change the Theatre layout's Seats value 3. Click 'Save changes' | I12: An amber panel appears at the top: 'Changes saved — 1 booking flagged for review, coordinators notified'. It states the bookings have NOT been changed and that each is flagged for its coordinator to decide what to do. It lists 'Tanjong Legal CPD Seminar: the booked layout no longer seats the expected attendance'. The new seats value of 60 is saved and shown on the form.
A13: SPM-40 Search and Filter Suitable Venues - no fixture script: uses the base seed data
A14: 8 | B14: SPM-40-TC13 | C14: All six filters combined, then Clear filters | D14: AC1, AC2, AC3, AC4, AC5, AC6, AC7 | E14: Positive | F14: Logged in as Coordinator Daniel Tan (daniel.tan@connectsphere.com / password123). On the Find a venue page (Venues > Find a venue) with all filters cleared. | G14: From: 1 Mar 2027, 09:00 (9:00 am) To: 1 Mar 2027, 12:00 (12:00 pm) Expected attendance: 100 Location: Marina Centre Room layout: Theatre Accessibility: Step-free access, Hearing induction loop Facilities: Built-in PA system | H14: 1. Enter From = 1 Mar 2027, 09:00 (9:00 am), To = 1 Mar 2027, 12:00 (12:00 pm) 2. Enter 100 in 'Expected attendance' 3. Choose 'Marina Centre' in 'Location' and 'Theatre' in 'Room layout' 4. Tick 'Step-free access' and 'Hearing induction loop' under Accessibility requirements 5. Tick 'Built-in PA system' under Required facilities 6. Click 'Search' 7. Click 'Clear filters' | I14: After Search: only Marina Auditorium (MAR-AUD, theatre 220) then Marina Grand Hall (MAR-GH, theatre 500); the Theatre capacity is bold and the three ticked items are green chips. After Clear filters: every filter is empty and '16 of 16 venues match'.
A15: SPM-41 Check Venue Suitability - no fixture script: uses the base seed data
A16: 9 | B16: SPM-41-TC05 | C16: The same attendance gets a different result under a different layout | D16: AC1, AC4 | E16: Positive | F16: Logged in as Coordinator Priya Raj (priya.raj@connectsphere.com / password123), who is assigned to the test event 'SPM41 Layout Theatre' (status Under review, requested by Rachel Ng, rachel.ng@meridianfina.com; dated 15 Mar 2027 09:00-17:00 with no venue bookings on that day). A second test event 'SPM41 Layout Classroom' has the same organiser, coordinator and date. Both events expect 100 people and require no facilities. 'SPM41 Layout Theatre' prefers Theatre; 'SPM41 Layout Classroom' prefers Classroom. Seed data loaded: Orchard Seminar Room (ORC-SEM) has Theatre capacity 120 and Classroom capacity 70. | G16: Expected attendance: 100 for both events Event 1 layout: Theatre (capacity 120) Event 2 layout: Classroom (capacity 70) | H16: 1. Open the event 'SPM41 Layout Theatre' 2. Open the Find a venue page for the event 3. Note the result shown for 'Orchard Seminar Room (ORC-SEM)' 4. Go back and open the event 'SPM41 Layout Classroom' 5. Open the Find a venue page for the event 6. Note the result shown for 'Orchard Seminar Room (ORC-SEM)' | I16: For 'SPM41 Layout Theatre', Orchard Seminar Room is shown as Suitable. For 'SPM41 Layout Classroom', it is NOT Suitable and the reason states the Classroom capacity of 70 against 100 expected.
A17: 10 | B17: SPM-41-TC06 | C17: Venue with all required facilities is suitable | D17: AC2 | E17: Positive | F17: Logged in as Coordinator Priya Raj (priya.raj@connectsphere.com / password123), who is assigned to the test event 'SPM41 Hybrid Forum VC+Live' (status Under review, requested by Rachel Ng, rachel.ng@meridianfina.com; dated 15 Mar 2027 09:00-17:00 with no venue bookings on that day). The event expects 100 people, layout Theatre, required facilities: Video conferencing suite and Livestream capability, on a date with no bookings. Seed data loaded: Changi Conference Centre (CBP-CONF) has both facilities and Theatre capacity 260. | G17: Required facilities: Video conferencing suite, Livestream capability Expected attendance: 100 Layout: Theatre | H17: 1. Open the event 'SPM41 Hybrid Forum VC+Live' 2. Open the Find a venue page for the event 3. Find 'Changi Conference Centre (CBP-CONF)' in the results | I17: Changi Conference Centre is shown as Suitable. No 'not met' reason is shown for it.
A18: 11 | B18: SPM-41-TC09 | C18: Venue with all required accessibility features is suitable | D18: AC3 | E18: Positive | F18: Logged in as Coordinator Priya Raj (priya.raj@connectsphere.com / password123), who is assigned to the test event 'SPM41 Open Lecture 200' (status Under review, requested by Rachel Ng, rachel.ng@meridianfina.com; dated 15 Mar 2027 09:00-17:00 with no venue bookings on that day). The event expects 200 people, layout Theatre, required accessibility features: Hearing induction loop and Wheelchair spaces, on a date with no bookings. Seed data loaded: Marina Auditorium (MAR-AUD) has both and Theatre capacity 220. | G18: Required accessibility: Hearing induction loop, Wheelchair spaces Expected attendance: 200 Layout: Theatre | H18: 1. Open the event 'SPM41 Open Lecture 200' 2. Open the Find a venue page for the event 3. Find 'Marina Auditorium (MAR-AUD)' in the results | I18: Marina Auditorium is shown as Suitable. No 'not met' reason is shown for it.
A19: SPM-45 Record Venue Unavailability - run npm run fixtures:spm45 before its first case
A20: 12 | B20: SPM-45-TC01 | C20: A venue is marked unavailable for part of a day, by date and time, with a reason | D20: AC1, AC6 | E20: Positive | F20: READ FIRST: v2 (2026-10-20): After a save that flags no booking, the venue page now reads 'No bookings were affected, so nobody needed to be notified.' instead of 'No approved bookings were affected, so nobody needed to be notified.' (SPM-80, Week 7 Change #1: changing a venue's setup or turnaround time now re-checks pending requests as well as approved bookings). Read the expected result with the new wording. The behaviour this case checks is unchanged. Fixtures: 'SPM45 Dates Room' (SPM45-DAT) is active, has no setup or turnaround time, no bookings and no unavailable period. If it is missing, or has periods left by an earlier run, run: npm run fixtures:spm45 (adds or resets the SPM45 test data without a reseed). This case records a period. The Dates Room cases (SPM-45-TC01 to TC08) can be run one after another without a reset; run npm run fixtures:spm45 after the last one you run. | G20: Venue: SPM45 Dates Room (SPM45-DAT) Unavailable from: 10 Jun 2027, 09:00 Available again: 10 Jun 2027, 17:30 Reason: Maintenance | H20: 1. Log in as marcus.wong@connectsphere.com / password123 2. Click 'Venues' in the sidebar 3. Click the 'SPM45 Dates Room' row 4. Click 'Mark unavailable' 5. Set 'Unavailable from' to 10 Jun 2027 and 'From time' to 09:00 6. Set 'Available again on' to 10 Jun 2027 and 'Available again at' to 17:30 7. In 'Reason', choose 'Maintenance' 8. In the dialog, click 'Mark unavailable' 9. Click 'View availability' 10. Set 'From' to 9 Jun 2027 and 'To' to 11 Jun 2027 11. Click 'Show availability' | I20: Step 3: The page has an 'Unavailable periods' section with a 'Mark unavailable' button and the text 'No unavailable periods under way or coming up.' Step 4: A dialog titled 'Mark SPM45 Dates Room unavailable' appears. It has the empty date fields 'Unavailable from' and 'Available again on', the empty time fields 'From time' and 'Available again at', and a 'Reason' picker showing 'Choose a reason' and offering Maintenance, Equipment failure, Renovation, Safety, Internal activity and Other. There are no AM, PM or Night options. It says that no booking is cancelled or moved. Step 8: The dialog closes. A green 'Unavailable period saved' message reads 'No approved bookings were affected, so nobody needed to be notified.' Under 'Unavailable periods' a period is listed: 'Maintenance', 'Unavailable from 10 Jun 2027, 09:00. Available again from 10 Jun 2027, 17:30.', with the buttons 'Change period' and 'End period'. There is no 'Retired' label beside the venue's name. Step 11: The 9 Jun 2027 row shows 'Free'. The 10 Jun 2027 row lists 'Unavailable 09:00–17:30 · Maintenance' and nothing else. The 11 Jun 2027 row shows 'Free'. The 'Unavailable periods' card lists 'Maintenance' with '10 Jun 2027, 09:00–17:30'.
A21: 13 | B21: SPM-45-TC16 | C21: An unavailable period that is under way can be ended early | D21: AC5 | E21: Positive | F21: Fixtures: 'SPM45 Closure Room' (SPM45-NOW) has an unavailable period that is under way: Renovation, unavailable from 1 Oct 2026, 00:00, available again from 1 Dec 2028, 09:00. It has no bookings. If it is missing, or its period was already ended by an earlier run, run: npm run fixtures:spm45 (adds or resets the SPM45 test data without a reseed). Run npm run fixtures:spm45 after this case to put the period back. | G21: Venue: SPM45 Closure Room (SPM45-NOW) Period (set by the fixture script): Renovation, 1 Oct 2026, 00:00 to 1 Dec 2028, 09:00 Calendar date: tomorrow | H21: 1. Log in as marcus.wong@connectsphere.com / password123 2. Click 'Venues' in the sidebar 3. Click the 'SPM45 Closure Room' row 4. Click 'End period' 5. Click 'View availability' 6. Set 'From' and 'To' to tomorrow's date 7. Click 'Show availability' | I21: Step 3: Under 'Unavailable periods' one period is listed: 'Renovation', 'Unavailable from 1 Oct 2026, 00:00. Available again from 1 Dec 2028, 09:00.', with the buttons 'Change period' and 'End period'. Step 4: A green 'Unavailable period ended' message appears, and the period is no longer listed: the text 'No unavailable periods under way or coming up.' is shown. Step 7: Tomorrow's row shows 'Free', and the 'Unavailable periods' card reads 'No unavailable periods in this range.': the room did not wait for 1 Dec 2028.
A22: 14 | B22: SPM-45-TC17 | C22: A venue is available again from the stated time without anyone ending the period | D22: AC4 | E22: Positive | F22: Fixtures: 'SPM45 Reopened Room' (SPM45-BAK) has an unavailable period that has passed: Maintenance, unavailable from 1 Sep 2026, 00:00, available again from 1 Oct 2026, 12:00. Nobody has ended or changed it, and the room has no bookings. If it is missing, run: npm run fixtures:spm45 (adds or resets the SPM45 test data without a reseed). This case changes nothing. | G22: Venue: SPM45 Reopened Room (SPM45-BAK) Period (set by the fixture script): Maintenance, 1 Sep 2026, 00:00 to 1 Oct 2026, 12:00 Calendar range: 30 Sep 2026 to 1 Oct 2026 | H22: 1. Log in as marcus.wong@connectsphere.com / password123 2. Click 'Venues' in the sidebar 3. Click the 'SPM45 Reopened Room' row 4. Click 'View availability' 5. Set 'From' to 30 Sep 2026 and 'To' to 1 Oct 2026 6. Click 'Show availability' | I22: Step 2: 'SPM45 Reopened Room' is listed with the status 'Active'. Step 3: Under 'Unavailable periods' the text 'No unavailable periods under way or coming up.' is shown: the period is over, so there is nothing to end. Step 6: The 30 Sep 2026 row lists 'Unavailable 00:00–24:00 · Maintenance'. The 1 Oct 2026 row lists 'Unavailable 00:00–12:00 · Maintenance' and nothing after 12:00: the room came back at the time that was stated.
A23: SPM-46 View Venue Availability - no fixture script: uses the base seed data
A24: 15 | B24: SPM-46-TC01-R | C24: Open a venue's availability and read the grid | D24: AC1, AC2 | E24: Positive | F24: Rewritten: the story's SPM-46-TC01 is out of date (SPM-93). Base seed data (no fixture script). Marina Grand Hall (MAR-GH) has an Approved booking for 'Straits Medical Research Symposium' on 7 Dec 2026, 09:00-18:00. Logged in as Marcus Wong. | G24: Venue: Marina Grand Hall (MAR-GH), then Jurong Expo Floor (JUR-EXP) | From 7 Dec 2026 To 13 Dec 2026 | H24: 1. Click 'Venues' in the sidebar 2. On the 'Marina Grand Hall' row, click 'View availability' 3. Set 'From' to 7 Dec 2026 and 'To' to 13 Dec 2026, then click 'Show availability' 4. Choose 'Jurong Expo Floor (JUR-EXP)' in the 'Venue' picker and click 'Show availability' | I24: Step 2: The page 'Marina Grand Hall availability' opens on the 7 days from today, with 'From' and 'To' filled in. The subtitle ends 'open 07:00–23:00 · setup 180 min, turnaround 120 min'. The grid has two columns, 'Day' and 'Schedule' - no AM, PM or Night columns. Step 3: Seven rows, Mon 7 Dec 2026 to Sun 13 Dec 2026. 7 Dec lists 'Setup 06:00–09:00', 'Booked 09:00–18:00' and 'Turnaround 18:00–20:00', each '· Straits Medical Research Symposium'. 8 to 13 Dec show 'Free'. Step 4: The title changes to 'Jurong Expo Floor availability' with 'open 06:00–23:00 · setup 240 min, turnaround 180 min', the range stays 7–13 Dec 2026, and every day shows 'Free'.
A25: 16 | B25: SPM-46-TC09-R | C25: Two overlapping unavailable periods are identified as overlapping | D25: AC5 | E25: Positive | F25: Rewritten: the story's SPM-46-TC09 is out of date (SPM-93). Base seed data. Jurong Expo Floor (JUR-EXP) has two overlapping unavailable periods: Maintenance 5-9 Nov 2026 and Safety 7-11 Nov 2026. Logged in as Marcus Wong. | G25: Venue: Jurong Expo Floor (JUR-EXP) | From 5 Nov 2026 To 11 Nov 2026 | H25: 1. Click 'Venues' in the sidebar, then 'View availability' on the 'Jurong Expo Floor' row 2. Set 'From' to 5 Nov 2026 and 'To' to 11 Nov 2026, then click 'Show availability' | I25: Step 2: A warning 'Some bookings or unavailable periods overlap' is shown. 5 and 6 Nov list 'Unavailable 00:00–24:00 · Maintenance'; 7, 8 and 9 Nov list both 'Unavailable … · Maintenance' and 'Unavailable … · Safety'; 10 and 11 Nov list 'Unavailable … · Safety'. Under 'Unavailable periods': 'Maintenance', 'Loading bay hoist inspection.', '5 Nov 2026, 00:00 – 9 Nov 2026, 23:59', 'Overlaps with: Safety (7 Nov 2026, 00:00 – 11 Nov 2026, 23:59)'; and 'Safety', 'Fire suppression system recertification.', '7 Nov 2026, 00:00 – 11 Nov 2026, 23:59', 'Overlaps with: Maintenance (5 Nov 2026, 00:00 – 9 Nov 2026, 23:59)'.
A26: 17 | B26: SPM-46-TC10 | C26: An Event Coordinator and an Operations Manager can open the calendar | D26: AC6 | E26: Positive | F26: READ FIRST: v2 (2026-10-20): The Event Operations Manager is now shown as the 'Event Coordinator Lead' (SPM-84 AC1, forum #129, Week 7 Change #5) - the same role, accounts, permissions and pages. Read 'Operations Manager', 'Event Operations Manager' or 'Ops Manager' in this case as 'Event Coordinator Lead'; on screen the role is shown under its new name, and refusals say 'Assigning coordinators is the Event Coordinator Lead's role.' Logged in as Event Coordinator: daniel.tan@connectsphere.com / password123 | G26: Accounts: daniel.tan@connectsphere.com (Event Coordinator), grace.lim@connectsphere.com (Operations Manager) Venue: Marina Grand Hall (MAR-GH) | H26: 1. Click 'Venues' in the sidebar 2. On the 'Marina Grand Hall' row, click 'View availability' 3. Go back to 'Venues' and click elsewhere on the 'Marina Grand Hall' row 4. Sign out, sign in as the Operations Manager, and repeat the first two steps | I26: Both accounts have 'Venues' in the sidebar, and for both the 'Marina Grand Hall availability' page opens and shows the grid. Clicking elsewhere on the row does nothing — the Venues list stays read-only for both, because neither holds the permission that makes a row editable.
A27: 18 | B27: SPM-46-TC12-R | C27: An approved booking blocks its slots, and is listed, even while its event is still in planning | D27: AC3, AC7 | E27: Positive | F27: Rewritten: the story's SPM-46-TC12 is out of date (SPM-93). Base seed data. Marina Grand Hall (MAR-GH), setup 180 min, turnaround 120 min, has an Approved booking for 'Straits Medical Research Symposium', 7 Dec 2026 09:00-18:00, whose event is in Planning. Logged in as Daniel Tan. | G27: Venue: Marina Grand Hall (MAR-GH) | From 6 Dec 2026 To 7 Dec 2026 | H27: 1. Click 'Venues' in the sidebar, then 'View availability' on the 'Marina Grand Hall' row 2. Set 'From' to 6 Dec 2026 and 'To' to 7 Dec 2026, then click 'Show availability' | I27: Step 2: 6 Dec shows 'Free'. 7 Dec lists 'Setup 06:00–09:00', 'Booked 09:00–18:00' and 'Turnaround 18:00–20:00', each '· Straits Medical Research Symposium' - not 'Free'. Under 'Approved bookings': Straits Medical Research Symposium with the event status 'Planning', '7 Dec 2026, 09:00–18:00', 'Room in use 06:00–20:00', 'Layout: Theatre'.
A28: SPM-90 Check Each Venue Against Its Own Requirements - run npm run fixtures:spm90 before its first case
A29: 19 | B29: SPM-90-TC01 | C29: The first venue request for an event starts on the event's own attendance and layout, and is listed with what the space is for | D29: AC1, AC2, AC5 | E29: Positive | F29: Run `npm run fixtures:spm90` from the project folder before this case (it only touches the 'SPM90 …' events and venues, never anyone else's data). Do not run it again afterwards: go straight on to SPM-90-TC02, and reset after that one. Logged out. | G29: Event: SPM90 Annual Conference | When: 7 Sep 2027, 09:00–17:00 | Expected attendance 150 | Layout Theatre | No sessions | Status: Planning | No booking requests yet Venue: SPM90 Main Hall (SPM90-HALL), Theatre 200, Classroom 120 Nothing is typed on the request form: every field is left as it opens | H29: 1. Log in as daniel.tan@connectsphere.com / password123 2. Click 'All Events' in the sidebar and open 'SPM90 Annual Conference' 3. Click the 'Venue' tab 4. Find 'SPM90 Main Hall (SPM90-HALL)' in the venue list (use Ctrl+F) and click 'Request booking' on it 5. Click 'Submit request' 6. Click 'Back to Venue' | I29: Step 3: A card 'The space you need' shows 'Expected attendance for this space' 150 and 'Room layout' Theatre, the event's own. 'SPM90 Main Hall (SPM90-HALL)' has the 'Suitable' badge. Step 4: The 'Request a venue booking' page opens. 'What is this space for?' reads 'Main programme', 'Expected attendance for this space' reads 150 and 'Room layout' reads Theatre. Step 5: A green alert 'Booking request sent to Venue Staff.' is shown. Step 6: The 'Booking requests' card lists 'SPM90 Main Hall (SPM90-HALL)' with 'Main programme · 7 Sep 2027, 09:00–17:00 · Theatre · 150 attendees' and the 'Pending' badge.
A30: 20 | B30: SPM-90-TC02 | C30: A breakout room too small for the whole event is suitable once it is checked against its own attendance and layout, and is requested and listed with its own purpose | D30: AC1, AC3, AC5 | E30: Positive | F30: SPM-90-TC01 has just been run ('SPM90 Annual Conference' has a Pending request at SPM90 Main Hall for its main programme). Still logged in as Daniel Tan, on the Venue tab of 'SPM90 Annual Conference' (the page titled 'Find a venue', reached with 'Back to Venue' at the end of SPM-90-TC01). Run `npm run fixtures:spm90` after this case. | G30: Event: SPM90 Annual Conference | Expected attendance 150 | Layout Theatre | Mandatory accessibility requirement: Step-free access SPM90 Breakout Room (SPM90-BRK): Theatre 30, Classroom 20, has Step-free access SPM90 Annexe (SPM90-ANX): Theatre 30, Classroom 20, no Step-free access Space: What is this space for? = Breakout room | Expected attendance for this space = 20 | Room layout = Classroom | H30: 1. Click 'All Events' in the sidebar and open 'SPM90 Annual Conference' 2. Click the 'Venue' tab 3. Find 'SPM90 Breakout Room (SPM90-BRK)' in the venue list (use Ctrl+F) 4. In 'The space you need', change 'Expected attendance for this space' to 20, choose 'Classroom' in 'Room layout' and click 'Check venues' 5. Click 'Request booking' on 'SPM90 Breakout Room (SPM90-BRK)' 6. Type the purpose in 'What is this space for?' and click 'Submit request' 7. Click 'Back to Venue' | I30: Step 3: Checked against the event's own 150 in Theatre, 'SPM90 Breakout Room (SPM90-BRK)' has the 'Not suitable' badge, the line 'Theatre capacity is 30 - this space expects 150.' and no 'Request booking' button. Step 4: The list is checked again. 'SPM90 Breakout Room (SPM90-BRK)' now has the 'Suitable' badge and a 'Request booking' button. 'SPM90 Main Hall (SPM90-HALL)' is still 'Suitable'. 'SPM90 Annexe (SPM90-ANX)' is 'Not suitable' with only the line 'Missing accessibility feature: Step-free access.': the event's accessibility need still applies to this space. Step 5: The 'Request a venue booking' page opens for 'SPM90 Breakout Room (SPM90-BRK)'. 'What is this space for?' is empty, 'Expected attendance for this space' reads 20 and 'Room layout' reads Classroom. Step 6: A green alert 'Booking request sent to Venue Staff.' is shown. The request is not refused although the room seats far fewer than the event's 150. Step 7: The 'Booking requests' card lists both requests, each with its own space: 'SPM90 Breakout Room (SPM90-BRK)' with 'Breakout room · 7 Sep 2027, 09:00–17:00 · Classroom · 20 attendees' and 'Pending'; 'SPM90 Main Hall (SPM90-HALL)' with 'Main programme · 7 Sep 2027, 09:00–17:00 · Theatre · 150 attendees' and 'Pending', unchanged.
A31: 21 | B31: SPM-90-TC09-R | C31: Once Venue Staff approve the last pending room, an event with two venue bookings can be confirmed | D31: AC6 | E31: Positive | F31: Rewritten: the story's SPM-90-TC09 is out of date (SPM-86, SPM-87, SPM-88). Run npm run fixtures:spm90 before and after this case. 'SPM90 Awards Night' (16 Sep 2027, 09:00-17:00) is in Planning with SPM90 Main Hall Approved and SPM90 Breakout Room Pending. Logged out. | G31: Event: SPM90 Awards Night | SPM90 Main Hall (SPM90-HALL) Approved | SPM90 Breakout Room (SPM90-BRK) Pending | H31: 1. Log in as marcus.wong@connectsphere.com / password123 2. Click 'Booking Requests' in the sidebar and find the 'SPM90 Breakout Room' card for 'SPM90 Awards Night' (use Ctrl+F) 3. Click 'Approve' on that card, then 'Approve' in the dialog 4. Log out, then log in as daniel.tan@connectsphere.com / password123 5. Click 'All Events' in the sidebar and open 'SPM90 Awards Night' 6. Click 'Submit for safety check' 7. Click 'Submit' in the dialog 8. Log out, then log in as hana.yusof@connectsphere.com / password123 9. Click 'Safety Checks' in the sidebar and open 'SPM90 Awards Night' 10. Click 'Record safety decision', choose 'Approve' and click 'Record decision' 11. Log out, then log in as daniel.tan@connectsphere.com / password123 12. Click 'All Events' in the sidebar and open 'SPM90 Awards Night' 13. Click 'Confirm event' 14. Click 'Confirm event' in the dialog | I31: Step 3: A green alert 'Booking approved' reads 'SPM90 Breakout Room (SPM90-BRK) for <reference> SPM90 Awards Night on 16 Sept 2027, 09:00–17:00 is now Approved — the room is booked.' Step 5: The 'Venue bookings' card lists 'SPM90 Main Hall (SPM90-HALL) · Main programme · Theatre · seats 200' and 'SPM90 Breakout Room (SPM90-BRK) · Breakout room · Classroom · seats 20'. Step 6: A dialog 'Submit for safety check?' reads 'SPM90 Awards Night will move to Safety review and the Safety Officer will be notified. Anything still outstanding or flagged for review will be listed instead.' Step 7: 'The event has been submitted for a safety check. The Safety Officer has been notified.' is shown and the status badge reads 'Safety review'. Step 10: 'Safety check approved. The coordinator has been notified.' is shown and the status badge reads 'Safety approved'. Step 12: The status badge reads 'Safety approved' and the 'Confirm event' button is shown. Step 13: A dialog 'Confirm this event?' reads 'SPM90 Awards Night will be marked Confirmed, and the organiser will be able to see the venue and equipment arranged for it. Anything still outstanding will be listed instead.' Step 14: 'The event is confirmed. The organiser can now see the arrangements.' is shown and the status badge reads 'Confirmed'.
A32: 22 | B32: SPM-90-TC10-R | C32: An event with a single approved venue booking made before this change is listed without a purpose and is confirmed as before | D32: AC7 | E32: Positive | F32: Rewritten: the story's SPM-90-TC10 is out of date (SPM-86, SPM-87, SPM-88). Run npm run fixtures:spm90 before and after this case. 'SPM90 Solo Seminar' (21 Sep 2027, 09:00-12:00, 150 people, Theatre) is in Planning with one Approved booking at SPM90 Main Hall that has no purpose recorded. Logged in as Daniel Tan. | G32: Event: SPM90 Solo Seminar | Booking: SPM90 Main Hall (SPM90-HALL), Approved, no purpose | H32: 1. Click 'All Events' in the sidebar and open 'SPM90 Solo Seminar' 2. Click 'Submit for safety check' 3. Click 'Submit' in the dialog 4. Log out, then log in as hana.yusof@connectsphere.com / password123 5. Click 'Safety Checks' in the sidebar and open 'SPM90 Solo Seminar' 6. Click 'Record safety decision', choose 'Approve' and click 'Record decision' 7. Log out, then log in as daniel.tan@connectsphere.com / password123 8. Click 'All Events' in the sidebar and open 'SPM90 Solo Seminar' 9. Click 'Confirm event' 10. Click 'Confirm event' in the dialog | I32: Step 1: The 'Venue' row reads 'SPM90 Main Hall (SPM90-HALL)' and the 'Venue bookings' card reads 'SPM90 Main Hall (SPM90-HALL) · Theatre · seats 200', with no purpose. Step 2: A dialog 'Submit for safety check?' reads 'SPM90 Solo Seminar will move to Safety review and the Safety Officer will be notified. Anything still outstanding or flagged for review will be listed instead.' Step 3: 'The event has been submitted for a safety check. The Safety Officer has been notified.' is shown and the status badge reads 'Safety review'. Step 6: 'Safety check approved. The coordinator has been notified.' is shown and the status badge reads 'Safety approved'. Step 8: The status badge reads 'Safety approved' and the 'Confirm event' button is shown. Step 9: A dialog 'Confirm this event?' reads 'SPM90 Solo Seminar will be marked Confirmed, and the organiser will be able to see the venue and equipment arranged for it. Anything still outstanding will be listed instead.' Step 10: 'The event is confirmed. The organiser can now see the arrangements.' is shown and the status badge reads 'Confirmed'.
A33: SPM-93 Book Venues in 15-Minute Units - run npm run fixtures:spm93 before its first case
A34: 23 | B34: SPM-93-TC01 | C34: A request defaults to the event's times widened to the 15-minute grid, shows the setup and turnaround around them, and is sent as times, not slots | D34: AC1, AC2, AC6 | E34: Positive | F34: Run `npm run fixtures:spm93` from the project folder before this case (it only touches the 'SPM93 …' events and venues, never anyone else's data). Run it again after this case: the case sends a booking request. Logged out. | G34: Event: SPM93 Product Clinic | When: 9 Jun 2027, 14:10–15:50 | No sessions | Status: Planning Venue: SPM93 Studio (SPM93-STU) | Open 07:00–22:00 | Setup 30 min | Turnaround 45 min | H34: 1. Log in as daniel.tan@connectsphere.com / password123 2. Click 'All Events' in the sidebar and open 'SPM93 Product Clinic' 3. Click the 'Venue' tab 4. Click 'Request booking' on 'SPM93 Studio (SPM93-STU)' 5. Click 'Submit request' 6. Click 'Back to Venue' | I34: Step 4: The 'Request a venue booking' page opens for 'SPM93 Product Clinic' at 'SPM93 Studio (SPM93-STU)'. There are no AM, PM or Night checkboxes. 'Date' shows 9 Jun 2027, 'Start time' shows 14:00 and 'End time' shows 16:00 (the event's 14:10–15:50 widened to the 15-minute grid). Below them: 'Setup: 13:30–14:00 (30 min)', 'Turnaround: 16:00–16:45 (45 min)' and 'Room in use: 13:30–16:45'. Step 5: A green alert 'Booking request sent to Venue Staff.' is shown. Step 6: The Venue tab's 'Booking requests' card lists 'SPM93 Studio (SPM93-STU)' with '9 Jun 2027, 14:00–16:00 · Theatre' and the 'Pending' badge.
A35: 24 | B35: SPM-93-TC05 | C35: The old lunch and dinner gaps (12:00–13:00 and 18:00–19:00) can be booked | D35: AC4, AC1 | E35: Positive | F35: Run `npm run fixtures:spm93` before this case, and again after it: the case sends two booking requests. Logged in as Daniel Tan (daniel.tan@connectsphere.com / password123). | G35: Events: SPM93 Lunch and Learn, 14 Jun 2027, 12:00–13:00; SPM93 Sunset Talk, 14 Jun 2027, 18:00–19:00 Venue: SPM93 Quick Room (SPM93-QCK) | Open 07:00–22:00 | Setup 0 min | Turnaround 0 min | H35: 1. Click 'All Events' in the sidebar and open 'SPM93 Lunch and Learn' 2. Click the 'Venue' tab 3. Click 'Request booking' on 'SPM93 Quick Room (SPM93-QCK)' 4. Click 'Submit request' 5. Click 'All Events' in the sidebar and open 'SPM93 Sunset Talk' 6. Click the 'Venue' tab 7. Click 'Request booking' on 'SPM93 Quick Room (SPM93-QCK)' 8. Click 'Submit request' 9. Click 'Back to Venue' | I35: Step 3: 'Date' shows 14 Jun 2027, 'Start time' 12:00 and 'End time' 13:00. Step 4: A green alert 'Booking request sent to Venue Staff.' is shown. Step 7: 'Date' shows 14 Jun 2027, 'Start time' 18:00 and 'End time' 19:00. Step 8: A green alert 'Booking request sent to Venue Staff.' is shown. Step 9: The 'Booking requests' card lists 'SPM93 Quick Room (SPM93-QCK)' with '14 Jun 2027, 18:00–19:00 · Theatre' and the 'Pending' badge.
A36: 25 | B36: SPM-93-TC13 | C36: Venue Staff see a request's times and the room in use including setup and turnaround, on the card and in the approve dialog | D36: AC8 | E36: Positive | F36: `npm run fixtures:spm93` has been run since the last full `npx prisma db seed`. 'SPM93 Partner Lunch' has a Pending booking request at SPM93 Studio on 10 Jun 2027, 12:00–13:00. Logged in as Marcus Wong (marcus.wong@connectsphere.com / password123), Venue Staff. Nothing is saved in this case: the approve dialog is cancelled. | G36: Request: SPM93 Partner Lunch at SPM93 Studio (SPM93-STU), 10 Jun 2027, 12:00–13:00 Venue: setup 30 min, turnaround 45 min | H36: 1. Click 'Booking Requests' in the sidebar 2. Find the 'SPM93 Studio' card for 'SPM93 Partner Lunch' (use Ctrl+F) and click 'Approve' 3. Click 'Cancel' | I36: Step 1: The 'Booking Requests' page lists a card 'SPM93 Studio (SPM93-STU)' for 'SPM93 Partner Lunch' with the 'Pending' badge. Its 'Requested' row reads '10 Jun 2027, 12:00–13:00' and under it 'Setup: 11:30–12:00 (30 min)', 'Turnaround: 13:00–13:45 (45 min)' and 'Room in use: 11:30–13:45'. Nothing on the card mentions AM, PM or Night. Step 2: The 'Approve this booking?' dialog reads 'This books SPM93 Studio (SPM93-STU) for <reference> SPM93 Partner Lunch on 10 Jun 2027, 12:00–13:00. No other event can then be booked into the room from 11:30 to 13:45, which includes its setup and turnaround time.' Step 3: The dialog closes and the card still shows 'Pending'.
A37: 26 | B37: SPM-93-TC15 | C37: The availability calendar shows an approved booking and a pending hold at their actual times, with setup and turnaround as separate entries | D37: AC9 | E37: Positive | F37: `npm run fixtures:spm93` has been run since the last full `npx prisma db seed`, and no booking request has been sent for an 'SPM93 …' event since. Logged in as Daniel Tan (daniel.tan@connectsphere.com / password123). Nothing is saved in this case. | G37: Venue: SPM93 Studio (SPM93-STU) | Open 07:00–22:00 | Setup 30 min | Turnaround 45 min Approved: SPM93 Morning Masterclass, 8 Jun 2027, 10:00–12:00 Pending: SPM93 Partner Lunch, 10 Jun 2027, 12:00–13:00 | H37: 1. Click 'Venues' in the sidebar 2. On the 'SPM93 Studio' row, click 'View availability' 3. Set 'From' to 8 Jun 2027 and 'To' to 10 Jun 2027 and click 'Show availability' | I37: Step 2: The 'SPM93 Studio availability' page opens. The grid has two columns, 'Day' and 'Schedule'; there are no AM, PM or Night columns. Step 3: The subtitle reads '8 Jun 2027 – 10 Jun 2027 · open 07:00–22:00 · setup 30 min, turnaround 45 min'. Three day rows. 'Tue 8 Jun 2027' lists, in this order, 'Setup 09:30–10:00 · SPM93 Morning Masterclass', 'Booked 10:00–12:00 · SPM93 Morning Masterclass' and 'Turnaround 12:00–12:45 · SPM93 Morning Masterclass'. 'Wed 9 Jun 2027' shows 'Free'. 'Thu 10 Jun 2027' lists 'Setup 11:30–12:00 · SPM93 Partner Lunch', 'Requested 12:00–13:00 · SPM93 Partner Lunch' and 'Turnaround 13:00–13:45 · SPM93 Partner Lunch'. The 'Approved bookings' card lists SPM93 Morning Masterclass with '8 Jun 2027, 10:00–12:00' and 'Room in use 09:30–12:45'. The 'Requested, not yet approved' card lists SPM93 Partner Lunch with '10 Jun 2027, 12:00–13:00'. Nothing on the page mentions AM, PM or Night slots.
A38: SPM-71 View Notifications - run npm run fixtures:spm71 before its first case
A39: 27 | B39: SPM-71-TC01 | C39: A coordinator sees their five notifications newest first, each saying what happened, which event and when | D39: AC1, AC2, AC7 | E39: Positive | F39: npm run fixtures:spm71 has been run (it creates the test accounts and resets their notifications without reseeding). Logged in as Leon Koh (Event Coordinator). | G39: Coordinator: leon.koh@connectsphere.com / password123 Leon's notifications, newest first: You have been assigned an event (12 Oct 2026, 09:00), Booking needs review (11 Oct 2026, 15:30), Equipment out of service - reservation needs review (10 Oct 2026, 11:00), An event has been reassigned (9 Oct 2026, 17:00), Equipment out of service - reservation needs review (8 Oct 2026, 16:45) | H39: 1. Click 'Notifications' in the sidebar | I39: Step 1: The Notifications page lists exactly five notifications, newest first: 'You have been assigned an event' (12 Oct 2026, 09:00), 'Booking needs review' (11 Oct 2026, 15:30), 'Equipment out of service - reservation needs review' (10 Oct 2026, 11:00), 'An event has been reassigned' (9 Oct 2026, 17:00) and 'Equipment out of service - reservation needs review' (8 Oct 2026, 16:45). Each shows its message, the event it is about with its reference (e.g. 'SPM71 Harbour Lights Gala · EVT-…'), and the date and time it happened. Ivy Lim's 'You have been assigned an event' for SPM71 Reassigned Showcase is not listed.
A40: 28 | B40: SPM-71-TC03 | C40: Marking one notification as read removes its Unread label and lowers the unread count | D40: AC3, AC4 | E40: Positive | F40: THIS RUN: SPM-71-TC04 is not selected. Skip it, and run the fixture script once the selected cases that follow on from this one are done. Run npm run fixtures:spm71 before this case. Logged in as Leon Koh (Event Coordinator). This case changes data: go straight on to SPM-71-TC04, and run npm run fixtures:spm71 after it. | G40: Notification: Booking needs review (11 Oct 2026, 15:30) | H40: 1. Click 'Notifications' in the sidebar 2. Click 'Mark as read' on 'Booking needs review' | I40: Step 1: Three notifications are Unread, and the sidebar's 'Notifications' link shows '3'. Step 2: 'Booking needs review' loses its 'Unread' label, its bold and its 'Mark as read' button. The bell and the sidebar's 'Notifications' link now show '2'.
A41: 29 | B41: SPM-71-TC05 | C41: Selecting a notification opens its event and marks it as read | D41: AC5, AC4 | E41: Positive | F41: Run npm run fixtures:spm71 before and after this case. Logged in as Leon Koh (Event Coordinator). | G41: Notification: You have been assigned an event (SPM71 Harbour Lights Gala) | H41: 1. Click 'Notifications' in the sidebar 2. Click 'You have been assigned an event' 3. Click 'Notifications' in the sidebar | I41: Step 2: The Overview of 'SPM71 Harbour Lights Gala' opens. Step 3: 'You have been assigned an event' is no longer labelled 'Unread', and the sidebar's 'Notifications' link shows '2'.
A42: SPM-51 Register for Event - run npm run fixtures:spm51 before its first case
A43: 30 | B43: SPM-51-TC01 | C43: Browse Events lists the Confirmed events with registration enabled, each with its registration state | D43: AC1 | E43: Positive | F43: Test data loaded: `npm run fixtures:spm51` has been run from the project folder since the last full `npx prisma db seed` (it only touches the 'SPM51 …' events, never anyone else's data). Logged in as Chua Mei Ling (chua.mei.ling@example.com / password123), an Attendee. Nothing is saved in this case. | G43: Attendee: Chua Mei Ling | Today: after 1 Sept 2026 and before 1 Nov 2027 | H43: 1. Click 'Browse Events' in the sidebar | I43: Step 1: The 'Browse Events' page opens. Among the events listed are 'SPM51 Harbour Open House' and 'SPM51 Last Seat Masterclass' with the badge 'Open', 'SPM51 Early Bird Seminar' with 'Not open yet' and 'Opens 1 Nov 2027, 09:00' beside it, 'SPM51 Closed Doors Workshop' with 'Closed', 'SPM51 Undated Talk' with 'Dates not set' and 'SPM51 Sold Out Summit' with 'Full'. Each shows its date and time and the company 'Straits Medical Institute'. 'SPM51 Private Board Dinner' (registration off) and 'SPM51 Planning Stage Forum' (not Confirmed) are not listed.
A44: 31 | B44: SPM-51-TC02 | C44: An attendee registers for an eligible event, and the registration is kept | D44: AC2, AC5 | E44: Positive | F44: Test data loaded: `npm run fixtures:spm51` has been run from the project folder since the last full `npx prisma db seed` (it only touches the 'SPM51 …' events, never anyone else's data). Before and after: run `npm run fixtures:spm51` (never `npx prisma db seed`, which wipes everyone's data). Logged in as Chua Mei Ling (chua.mei.ling@example.com / password123), an Attendee. | G44: Event: SPM51 Harbour Open House (Confirmed, capacity 50, open 1 Sept 2026 09:00 to 31 Dec 2027 17:00) | Dietary requirements: Vegetarian | H44: 1. Click 'Browse Events' in the sidebar 2. Click 'SPM51 Harbour Open House' 3. Enter 'Vegetarian' in 'Dietary requirements' 4. Click 'Register' 5. Reload the page | I44: Step 2: The event page opens. The Registration card shows 'Registration: Enabled', 'Capacity: 50', 'Opens: 1 Sept 2026, 09:00' and 'Closes: 31 Dec 2027, 17:00'. The 'Your registration' card shows the optional fields 'Dietary requirements' and 'Accessibility requirements' and a 'Register' button. Step 4: A green alert 'You're registered for this event.' appears, with the status badge 'Registered'. The Register button is gone. Step 5: The 'Your registration' card still shows the 'Registered' badge and 'You registered on <today's date>.', with no Register button.
A45: 32 | B45: SPM-51-TC11 | C45: My Registrations lists the attendee's registrations with their status | D45: AC6 | E45: Positive | F45: READ FIRST: v2 (2026-10-27): A waiting attendee's 'Your registration' card now reads 'You're number 1 on the waiting list.' (not 'You're on the waiting list.') and has a 'Leave waiting list' button; My Registrations also shows 'Number 1 in the queue' under the 'Waiting list' badge (SPM-66 AC3 and AC4: the Attendee sees their position and can leave the list). Read the expected result with the new wording. The behaviour this case checks is unchanged. (Step 2: still no 'Register' button.) Test data loaded: `npm run fixtures:spm51` has been run from the project folder since the last full `npx prisma db seed` (it only touches the 'SPM51 …' events, never anyone else's data). Logged in as Jocelyn Pang (jocelyn.pang@example.com / password123), an Attendee registered for 'SPM51 Last Seat Masterclass' and on the waiting list for 'SPM51 Sold Out Summit'. (The base seed may register her for other events too; those rows are listed as well.) Nothing is saved in this case. | G45: Attendee: Jocelyn Pang | SPM51 Last Seat Masterclass: registered | SPM51 Sold Out Summit: waitlisted | H45: 1. Click 'My Registrations' in the sidebar 2. Click 'SPM51 Sold Out Summit' | I45: Step 1: The 'My Registrations' page opens with a table of Event, When and Status. 'SPM51 Last Seat Masterclass' (22 Jan 2028, 09:00–17:00) shows the badge 'Registered', and 'SPM51 Sold Out Summit' (29 Jan 2028, 09:00–17:00) shows 'Waiting list'. Step 2: The 'SPM51 Sold Out Summit' event page opens. The 'Your registration' card shows the 'Waiting list' badge and 'You're on the waiting list.', with no 'Register' button.
A46: SPM-52 Withdraw Registration - run npm run fixtures:spm52 before its first case
A47: 33 | B47: SPM-52-TC01 | C47: The organiser sees how many places are taken and how many attendees have withdrawn | D47: AC5 | E47: Positive | F47: Test data loaded: `npm run fixtures:spm52` has been run from the project folder since the last full `npx prisma db seed` (it only touches the 'SPM52 …' events, never anyone else's data), and nobody has withdrawn from 'SPM52 Riverside Forum' since. Logged in as Evelyn Chen (evelyn.chen@straitsmedic.com / password123), who organised every 'SPM52 …' event. Nothing is saved in this case. | G47: Event: SPM52 Riverside Forum (capacity 10; 4 registered, 1 withdrawn) | Organiser: Evelyn Chen | H47: 1. Click 'My Events' in the sidebar 2. Click 'SPM52 Riverside Forum' in the list | I47: Step 2: The event page opens with the heading 'SPM52 Riverside Forum'. The Registration card shows 'Registration' Enabled, 'Capacity' 10, 'Places taken' '4 of 10 · 6 left' and 'Withdrawn' '1'.
A48: 34 | B48: SPM-52-TC02 | C48: A registered attendee withdraws from My Registrations, and the registration is shown as Withdrawn | D48: AC1, AC2 | E48: Positive | F48: Before: run `npm run fixtures:spm52` (never `npx prisma db seed`, which wipes everyone's data). Do not reset after: SPM-52-TC03 and SPM-52-TC04 continue from this withdrawal; reset after SPM-52-TC04. Logged in as Marcus Yeo (marcus.yeo@example.com / password123), an Attendee. | G48: Attendee: Marcus Yeo | Event: SPM52 Riverside Forum | H48: 1. Click 'My Registrations' in the sidebar 2. Click 'Withdraw' on the 'SPM52 Riverside Forum' row 3. Click 'Withdraw' in the dialog 4. Refresh the page (F5) | I48: Step 1: The 'My Registrations' page lists 'SPM52 Riverside Forum' (4 Mar 2028, 09:00–17:00) with the badge 'Registered' and a 'Withdraw' button. Step 2: The event page does not open. A dialog asks 'Withdraw from SPM52 Riverside Forum?' and says 'Your place is released and can be taken by someone else. To attend, you would have to register again, and the event may be full by then.', with the buttons 'Keep my place' and 'Withdraw'. Step 3: The dialog closes. A green message says 'You have withdrawn from SPM52 Riverside Forum.' The row's badge is now 'Withdrawn' and it has no 'Withdraw' button. Step 4: 'SPM52 Riverside Forum' is still listed with the badge 'Withdrawn' and no 'Withdraw' button.
A49: 35 | B49: SPM-52-TC03 | C49: After withdrawing, the event page no longer shows the attendee as registered and offers Register instead | D49: AC3 | E49: Positive | F49: SPM-52-TC02 has just been run (Marcus Yeo has withdrawn from 'SPM52 Riverside Forum'). Do not reset after: SPM-52-TC04 continues from the same withdrawal. Logged in as Marcus Yeo (marcus.yeo@example.com / password123), an Attendee. Nothing is saved in this case: do not click Register. | G49: Attendee: Marcus Yeo | Event: SPM52 Riverside Forum | H49: 1. Click 'My Registrations' in the sidebar 2. Click the 'SPM52 Riverside Forum' row | I49: Step 2: The event page 'SPM52 Riverside Forum' opens. The 'Your registration' card shows the 'Dietary requirements' and 'Accessibility requirements' fields and a 'Register' button. It shows no 'Registered' badge, no 'You registered on …' line and no 'Withdraw' button.
A50: 36 | B50: SPM-52-TC04 | C50: The organiser and the coordinator see one place freed and one more withdrawal after an attendee withdraws | D50: AC4, AC5 | E50: Positive | F50: SPM-52-TC03 has just been run (it follows SPM-52-TC02, in which Marcus Yeo withdrew from 'SPM52 Riverside Forum'). After: run `npm run fixtures:spm52` (never `npx prisma db seed`, which wipes everyone's data). Nothing is saved in this case. | G50: Event: SPM52 Riverside Forum (capacity 10; now 3 registered, 2 withdrawn) | Organiser: Evelyn Chen | Coordinator: Daniel Tan | H50: 1. Log out and log in as Evelyn Chen (evelyn.chen@straitsmedic.com / password123), who organised every 'SPM52 …' event 2. Click 'My Events' in the sidebar 3. Click 'SPM52 Riverside Forum' in the list 4. Log out and log in as Daniel Tan (daniel.tan@connectsphere.com / password123), the coordinator assigned to every 'SPM52 …' event 5. Click 'All Events' in the sidebar 6. Click 'SPM52 Riverside Forum' in the list | I50: Step 3: The Registration card shows 'Places taken' '3 of 10 · 7 left' and 'Withdrawn' '2' (it was '4 of 10 · 6 left' and '1' before Marcus Yeo withdrew). Step 6: The Registration card shows 'Places taken' '3 of 10 · 7 left' and 'Withdrawn' '2'.
A51: 37 | B51: SPM-52-TC05 | C51: Withdrawing from a full event from its event page frees the place, so another attendee can register | D51: AC1, AC3, AC4 | E51: Positive | F51: Before and after: run `npm run fixtures:spm52` (never `npx prisma db seed`, which wipes everyone's data). Logged in as Marcus Yeo (marcus.yeo@example.com / password123), an Attendee. | G51: Event: SPM52 Last Place Clinic (capacity 2; Marcus Yeo and Anita Devi registered) | Attendees: Marcus Yeo, Tan Jia Hui | H51: 1. Click 'Browse Events' in the sidebar 2. Click 'SPM52 Last Place Clinic' 3. Click 'Withdraw' in the 'Your registration' card 4. Click 'Withdraw' in the dialog 5. Click 'Browse Events' in the sidebar 6. Log out and log in as Tan Jia Hui (tan.jia.hui@example.com / password123), an Attendee 7. Click 'Browse Events' in the sidebar 8. Click 'SPM52 Last Place Clinic' 9. Click 'Register' | I51: Step 1: 'SPM52 Last Place Clinic' is listed with the badge 'Full'. Step 2: The event page opens. The 'Your registration' card shows the badge 'Registered', 'You registered on <date>.' and a 'Withdraw' button. Step 3: A dialog asks 'Withdraw from SPM52 Last Place Clinic?' with the buttons 'Keep my place' and 'Withdraw'. Step 4: The dialog closes. The card shows a green 'You have withdrawn from this event.' and now offers the 'Dietary requirements' and 'Accessibility requirements' fields and a 'Register' button. Step 5: 'SPM52 Last Place Clinic' now has the badge 'Open'. Step 8: The 'Your registration' card offers a 'Register' button, not 'This event is full.'. Step 9: A green message says 'You're registered for this event.' and the card shows the badge 'Registered'.
A52: SPM-77 Suggest Alternative Equipment - run npm run fixtures:spm77 before its first case
A53: 38 | B53: SPM-77-TC01 | C53: Technical Support sees an alternative's availability for the event's dates, cannot record more than is available, and records a suggestion that then shows on the line | D53: AC1, AC2, AC3 | E53: Positive | F53: SPM77 Ring Light Showcase (1 Aug 2028) requests 4 Ring Light, marked 'Cannot be provided' (only 2 are in stock). Nothing else holds Podium Light (4 in stock) that day. Data: run `npm run fixtures:spm77` first. Go straight on to SPM-77-TC02, and run the script again after it. Logged in as Technical Support Staff (vikram.nair@connectsphere.com, password123). | G53: Event: SPM77 Ring Light Showcase Line: Ring Light, 4 requested, Cannot be provided Alternative: Podium Light (4 in stock), quantity 5 then 3 Note: Three podium lights light the stage as evenly. | H53: 1. Click 'Equipment Requests' in the sidebar 2. Open the equipment request for the SPM77 Ring Light Showcase event 3. On the Ring Light line, click 'Suggest alternative' 4. In 'Alternative item', choose 'Podium Light — Staging' 5. In 'Note for the Coordinator', enter 'Three podium lights light the stage as evenly.' 6. Change 'Quantity' to 5 7. Click 'Record suggestion' 8. Change 'Quantity' to 3 9. Click 'Record suggestion' | I53: Step 2: The Ring Light line shows Status 'Cannot be provided' with 'Technical Support notes: Only 2 ring lights are in stock.' and a 'Suggest alternative' button. Step 3: A 'Suggest alternative' form opens on the line with 'Alternative item' (empty, 'Choose an item'), 'Quantity' (4) and 'Note for the Coordinator' (empty). The 'Alternative item' list does not offer Ring Light. Step 4: '4 available for these dates — enough for this suggestion.' appears under 'Quantity'. Step 6: The message changes to 'Only 4 available for this event's dates.' Step 7: Nothing is recorded: the form stays open and the line shows no suggestion. Step 8: The message changes back to '4 available for these dates — enough for this suggestion.' Step 9: The form closes. 'Suggestion sent to the Coordinator.' appears on the line, which now reads 'Suggested alternative: 3 × Podium Light — waiting for the Coordinator's decision.', 'Note: Three podium lights light the stage as evenly.' and 'Suggested by Vikram Nair' with today's date and time. 'Suggest alternative' is no longer offered on the line. The line still shows Requested 4 and Status 'Cannot be provided'.
A54: 39 | B54: SPM-77-TC02 | C54: The assigned Coordinator is notified of a suggested alternative and sees it, with its note, on the requirement it is about | D54: AC3, AC4 | E54: Positive | F54: SPM-77-TC01 has just been run (3 Podium Light were suggested for the Ring Light line of SPM77 Ring Light Showcase). Daniel Tan is the event's assigned Coordinator. Data: run `npm run fixtures:spm77` after this case. | G54: Event: SPM77 Ring Light Showcase Suggestion: 3 × Podium Light, 'Three podium lights light the stage as evenly.' | H54: 1. Click 'Log out' 2. Log in as the Event Coordinator (daniel.tan@connectsphere.com, password123) 3. Click 'Notifications' in the sidebar 4. Click the 'Alternative equipment suggested' notification | I54: Step 3: The list shows an unread notification 'Alternative equipment suggested' reading 'Technical Support suggested 3 Podium Light in place of Ring Light for SPM77 Ring Light Showcase. Note: Three podium lights light the stage as evenly.' Step 4: The Equipment tab of SPM77 Ring Light Showcase opens. The Ring Light row still shows the status 'Cannot be provided' and Quantity 4, and under it 'Suggested alternative: 3 × Podium Light', 'Note: Three podium lights light the stage as evenly.' and 'Suggested by Vikram Nair' with a date and time, with 'Accept' and 'Decline' buttons.
A55: 40 | B55: SPM-77-TC07 | C55: Recording a suggestion for a partly fulfilled item leaves its reservation as it is, and the event's other equipment can still be reserved while the decision is awaited | D55: AC1, AC7, AC8 | E55: Positive | F55: SPM77 Keep Reserved Expo (5 Sep 2028) requests 3 Ring Light, 2 of them reserved (Status 'Partially fulfilled'), and 2 Podium Light, not yet reserved (Status 'Requested'). Data: run `npm run fixtures:spm77` before and after this case. Logged in as Technical Support Staff (vikram.nair@connectsphere.com, password123). | G55: Event: SPM77 Keep Reserved Expo Ring Light: 3 requested, 2 reserved Podium Light: 2 requested Alternative: 1 × Portable Stage (6 in stock) Note: One stage riser for the speaker instead. | H55: 1. Click 'Equipment Requests' in the sidebar 2. Open the equipment request for the SPM77 Keep Reserved Expo event 3. On the Ring Light line, click 'Suggest alternative' 4. In 'Alternative item', choose 'Portable Stage — Staging' 5. In 'Note for the Coordinator', enter 'One stage riser for the speaker instead.' 6. Click 'Record suggestion' 7. On the Podium Light line, click 'Reserve' | I55: Step 2: The Ring Light line shows Requested 3, Reserved 2 and Status 'Partially fulfilled', with a 'Suggest alternative' button. The Podium Light line shows Status 'Requested' with a 'Reserve' button and no 'Suggest alternative' button. Step 3: The 'Suggest alternative' form opens with 'Quantity' 1 (what the line is still missing). The 'Alternative item' list offers neither Ring Light nor Podium Light. Step 4: '6 available for these dates — enough for this suggestion.' appears under 'Quantity'. Step 6: 'Suggestion sent to the Coordinator.' appears on the Ring Light line with 'Suggested alternative: 1 × Portable Stage — waiting for the Coordinator's decision.' The line still shows Requested 3, Reserved 2 and Status 'Partially fulfilled'. Step 7: 'Reservation saved: 2 reserved.' appears on the Podium Light line, which now shows Reserved 2 and Status 'Reserved'. The Ring Light line still shows its suggestion and Reserved 2.
A56: 41 | B56: SPM-77-TC12 | C56: The Readiness tab shows an item with a suggested alternative waiting for a decision as Outstanding, points to the Equipment tab to decide it, and shows the item as Complete again once it is declined | D56: AC3, AC5, AC6 | E56: Positive | F56: READ FIRST: v2 (2026-10-29): A suggestion waiting for a decision now reads '... waiting for the Coordinator's decision' instead of '... waiting for your decision', on the Readiness tab and in the safety-check refusal (review fix: any coordinator can open the Readiness tab, not only the assigned one). Read 'waiting for your decision' in this case as 'waiting for the Coordinator's decision'. SPM77 Partial Forum (22 Aug 2028) is in Planning and requests 3 Ring Light, 2 of them reserved (Status 'Partially fulfilled'), with a suggestion of 1 × Podium Light waiting for a decision. Daniel Tan is its assigned Coordinator. Data: run `npm run fixtures:spm77` before and after this case. Logged in as the Event Coordinator (daniel.tan@connectsphere.com, password123). | G56: Event: SPM77 Partial Forum Ring Light: 3 requested, 2 reserved (Partially fulfilled) Waiting suggestion: 1 × Podium Light | H56: 1. Click 'All Events' in the sidebar 2. Open the SPM77 Partial Forum event 3. Click the 'Readiness' tab 4. On the Ring Light row, click 'Decide on the Equipment tab' 5. On the Ring Light row, click 'Decline' 6. Click the 'Readiness' tab | I56: Step 3: The Ring Light row is marked 'Outstanding' and reads 'Ring Light for this event has a suggested alternative (Podium Light) waiting for your decision.', with a 'Decide on the Equipment tab' link and no 'Mark as not required' button. Step 4: The Equipment tab of SPM77 Partial Forum opens. The Ring Light row shows 'Suggested alternative: 1 × Podium Light' with 'Accept' and 'Decline' buttons. Step 5: 'Suggestion declined. The original requirement is unchanged.' appears, and the Ring Light row no longer shows the suggestion. Step 6: The Ring Light row is now marked 'Complete', with no 'Decide on the Equipment tab' link.

Sheet Sammi
A1: Sammi's cases: Venue booking requests, registration setup and attendee lists
A2: Run top to bottom. A blue row starts each story: run its fixture script first (never npx prisma db seed). READ FIRST at the top of Preconditions says what has changed since the case was written. IDs ending in -R were rewritten in the Sprint 3 run and are reused here. Fill in the yellow Result, Date tested and Notes cells.
A4: # | B4: Test case ID | C4: Title | D4: Linked AC | E4: Type | F4: Preconditions | G4: Test data | H4: Steps | I4: Expected results | J4: Result | K4: Date tested | L4: Notes / bug key
A5: SPM-42 Request Venue Booking - run npm run fixtures:spm42 before its first case
A6: 1 | B6: SPM-42-TC01-R | C6: Coordinator requests a suitable venue, with venue requirements and layout | D6: AC1, AC6 | E6: Positive | F6: Rewritten: the story's SPM-42-TC01 is out of date (SPM-93, SPM-90). Run npm run fixtures:spm42 once at the start of this story's cases (do not re-run it between SPM-42 cases). 'SPM42 Research Symposium' is in Planning, assigned to Daniel Tan, 4 Mar 2027, 09:00-18:00, 200 people, Theatre. Marina Auditorium (MAR-AUD) seats 220 in Theatre, opens 08:00-22:00, setup 60 min, turnaround 30 min. Logged out. | G6: Event: SPM42 Research Symposium | Venue: Marina Auditorium (MAR-AUD) | 4 Mar 2027, 09:00-18:00 Venue requirements: Lectern and stage riser at the front; two wireless microphones; doors open 08:30. | H6: 1. Log in as daniel.tan@connectsphere.com / password123 2. Click 'All Events' in the sidebar and open 'SPM42 Research Symposium' 3. Click the 'Venue' tab 4. Click 'Request booking' on 'Marina Auditorium (MAR-AUD)' 5. Type in 'Venue requirements': Lectern and stage riser at the front; two wireless microphones; doors open 08:30. 6. Click 'Submit request' 7. Log out, then log in as marcus.wong@connectsphere.com / password123 8. Click 'Booking Requests' in the sidebar and find the 'Marina Auditorium (MAR-AUD)' card for SPM42 Research Symposium (use Ctrl+F) | I6: Step 3: 'Marina Auditorium (MAR-AUD)' is listed as 'Suitable' with a 'Request booking' button. Step 4: The 'Request a venue booking' page shows Event 'SPM42 Research Symposium' and Venue 'Marina Auditorium (MAR-AUD)'. It is filled in with 'What is this space for?' Main programme, Expected attendance 200, Room layout Theatre, Date 4 Mar 2027, Start time 09:00 and End time 18:00, and reads 'Setup: 08:00–09:00 (60 min)', 'Turnaround: 18:00–18:30 (30 min)' and 'Room in use: 08:00–18:30'. There are no AM, PM or Night boxes. Step 6: A green alert 'Booking request sent to Venue Staff.' reads 'It is Pending until Venue Staff review it.' Step 8: The card has the badge 'Pending', Requested '4 Mar 2027, 09:00–18:00' with the same setup, turnaround and room-in-use lines, Space 'Main programme', Layout 'Theatre', Expected attendance '200', Venue requirements exactly as typed, and Requested by 'Daniel Tan' with 'Event is Planning'.
A7: 2 | B7: SPM-42-TC09-R | C7: A 3-session event gets one request per session, each using its session's date, time and layout | D7: AC4, AC5 | E7: Positive | F7: Rewritten: the story's SPM-42-TC09 is out of date (SPM-93, SPM-54, SPM-90). Run npm run fixtures:spm42 before this case. 'SPM42 Three-Session Forum' is Approved, assigned to Daniel Tan. Sessions: 'Day 1' 1 Mar 2027 09:00-12:00, 80 people, Theatre; 'Day 2' 2 Mar 2027 14:00-17:00, 30 people, Classroom; 'Day 3' 3 Mar 2027 19:00-22:00, 60 people, Banquet. Logged in as Daniel Tan. Run npm run fixtures:spm42 after this case. | G7: Day 1: Orchard Seminar Room (ORC-SEM) | Day 2: Orchard Studio (ORC-STU) | Day 3: Orchard Gallery (ORC-GAL), open 09:00-23:00, setup 120 min, turnaround 90 min | H7: 1. Click 'All Events' in the sidebar and open 'SPM42 Three-Session Forum' 2. Click the 'Venue' tab 3. In the 'Session' drop-down, choose 'Day 1' 4. Click 'Request booking' on 'Orchard Seminar Room (ORC-SEM)' 5. Click 'Submit request' 6. Click 'Continue' in the dialog 7. Click 'Back to Venue' 8. In the 'Session' drop-down, choose 'Day 2' 9. Click 'Request booking' on 'Orchard Studio (ORC-STU)' 10. Click 'Submit request' 11. Click 'Back to Venue' 12. In the 'Session' drop-down, choose 'Day 3' 13. Click 'Request booking' on 'Orchard Gallery (ORC-GAL)' 14. Click 'Submit request' 15. Click 'Cancel' | I7: Step 4: The form shows Session 'Day 1 — 1 Mar 2027, 09:00–12:00', Date 1 Mar 2027, 09:00 to 12:00, Expected attendance 80, Room layout Theatre, 'Room in use: 08:00–12:30'. Step 5: A dialog 'Begin planning?' says the event will move from Approved to Planning. Step 6: 'Booking request sent to Venue Staff.' and 'Planning has started' are shown. Step 9: The form shows Session 'Day 2 — 2 Mar 2027, 14:00–17:00', Date 2 Mar 2027, 14:00 to 17:00, Expected attendance 30, Room layout Classroom, 'Setup: 13:30–14:00 (30 min)', 'Turnaround: 17:00–17:30 (30 min)'. Step 10: 'Booking request sent to Venue Staff.' is shown. Step 13: The form shows Session 'Day 3 — 3 Mar 2027, 19:00–22:00', Date 3 Mar 2027, 19:00 to 22:00, Expected attendance 60, Room layout Banquet, 'Setup: 17:00–19:00 (120 min)', 'Turnaround: 22:00–23:30 (90 min)', 'Room in use: 17:00–23:30'. Step 14: The request is refused with 'Orchard Gallery is open 09:00–23:00. With its 120 min setup and 90 min turnaround, choose times between 11:00 and 21:30.' Nothing is sent. Step 15: The 'Booking requests' card lists two requests, each with its session and the session's own layout: 'Orchard Seminar Room (ORC-SEM)' with 'Main programme · Day 1 · 1 Mar 2027, 09:00–12:00 · Theatre · 80 attendees' and 'Orchard Studio (ORC-STU)' with 'Main programme · Day 2 · 2 Mar 2027, 14:00–17:00 · Classroom · 30 attendees', both 'Pending'. There is no request for Day 3.
A8: 3 | B8: SPM-42-TC11-R | C8: The request reaches Venue Staff and shows Pending | D8: AC7, AC8 | E8: Positive | F8: Rewritten: the story's SPM-42-TC11 is out of date (SPM-93, SPM-82, SPM-90). Run straight after SPM-42-TC04-R - do not reset the fixtures in between. SPM-42-TC04 has just been run ('SPM42 Town Hall' has a Pending request for Orchard Seminar Room) and the fixtures have NOT been reset since. Logged in as Daniel Tan. | G8: Request: SPM42 Town Hall, Orchard Seminar Room (ORC-SEM), 6 Mar 2027, 09:00-17:00 | H8: 1. Click 'All Events' in the sidebar, open 'SPM42 Town Hall' and click the 'Venue' tab 2. Log out, then log in as marcus.wong@connectsphere.com / password123 3. Click 'Booking Requests' in the sidebar and find the card for SPM42 Town Hall (use Ctrl+F) | I8: Step 1: Under 'Booking requests', Orchard Seminar Room (ORC-SEM) has the badge 'Pending'. Step 3: The card is headed 'Orchard Seminar Room (ORC-SEM)', 'for <reference> SPM42 Town Hall · Meridian Financial Group', badge 'Pending'. Requested '6 Mar 2027, 09:00–17:00' with 'Setup: 08:00–09:00 (60 min)', 'Turnaround: 17:00–17:30 (30 min)' and 'Room in use: 08:00–17:30'; Hold expires: the date and time 7 days after SPM-42-TC04 sent it, with 'Change expiry'; Event time '6 Mar 2027, 09:00–17:00'; Space 'Main programme'; Layout 'Theatre'; Expected attendance '100'; Venue requirements 'None given'; Requested by 'Daniel Tan', 'Event is Planning'.
A9: SPM-43 Review Venue Booking Request - run npm run fixtures:spm43 before its first case
